match,half,goal_clock,goal_score,len_s,start_s,end_s,players,ball_cov,frame_cov,both_teams,refusal,score
brighton_manutd,h2,13:14,0.9526,120.0,674.5,794.5,11.35,0.306,0.215,0.158,"broken passage: only 21% of its frames yield trusted geometry (need >= 85%) -- replay, cut or calibration failure",0.3165
brighton_manutd,h2,13:14,0.9526,90.0,704.5,794.5,11.68,0.344,0.246,0.18,"broken passage: only 25% of its frames yield trusted geometry (need >= 85%) -- replay, cut or calibration failure",0.3389
brighton_manutd,h2,13:14,0.9526,60.0,736.5,796.5,11.83,0.445,0.346,0.249,"broken passage: only 35% of its frames yield trusted geometry (need >= 85%) -- replay, cut or calibration failure",0.39
brighton_manutd,h2,13:14,0.9526,30.0,766.5,796.5,12.9,0.609,0.444,0.338,"broken passage: only 44% of its frames yield trusted geometry (need >= 85%) -- replay, cut or calibration failure",0.4729
brighton_manutd,h2,48:01,0.895,120.0,2763.0,2883.0,11.22,0.378,0.22,0.176,"broken passage: only 22% of its frames yield trusted geometry (need >= 85%) -- replay, cut or calibration failure",0.3342
brighton_manutd,h2,48:01,0.895,90.0,2793.0,2883.0,10.96,0.22,0.153,0.12,"broken passage: only 15% of its frames yield trusted geometry (need >= 85%) -- replay, cut or calibration failure",0.2741
brighton_manutd,h2,48:01,0.895,60.0,2823.0,2883.0,10.96,0.329,0.229,0.179,"broken passage: only 23% of its frames yield trusted geometry (need >= 85%) -- replay, cut or calibration failure",0.3197
brighton_manutd,h2,48:01,0.895,30.0,2853.0,2883.0,11.53,0.285,0.225,0.205,"broken passage: only 23% of its frames yield trusted geometry (need >= 85%) -- replay, cut or calibration failure",0.3186
brighton_manutd,h1,31:35,0.7563,90.0,1807.5,1897.5,11.28,0.532,0.432,0.335,"broken passage: only 43% of its frames yield trusted geometry (need >= 85%) -- replay, cut or calibration failure",0.4243
brighton_manutd,h1,31:35,0.7563,60.0,1837.5,1897.5,11.26,0.621,0.492,0.365,"broken passage: only 49% of its frames yield trusted geometry (need >= 85%) -- replay, cut or calibration failure",0.4597
brighton_manutd,h1,31:35,0.7563,30.0,1865.5,1895.5,12.7,0.675,0.483,0.404,"broken passage: only 48% of its frames yield trusted geometry (need >= 85%) -- replay, cut or calibration failure",0.4974
brighton_manutd,h2,23:24,0.5811,120.0,1284.0,1404.0,12.38,0.697,0.479,0.431,"broken passage: only 48% of its frames yield trusted geometry (need >= 85%) -- replay, cut or calibration failure",0.498
brighton_manutd,h2,23:24,0.5811,90.0,1314.0,1404.0,13.0,0.665,0.457,0.424,"broken passage: only 46% of its frames yield trusted geometry (need >= 85%) -- replay, cut or calibration failure",0.4955
brighton_manutd,h2,23:24,0.5811,60.0,1344.0,1404.0,13.01,0.535,0.382,0.359,"broken passage: only 38% of its frames yield trusted geometry (need >= 85%) -- replay, cut or calibration failure",0.4449
brighton_manutd,h2,23:24,0.5811,30.0,1374.0,1404.0,11.5,0.318,0.146,0.106,"broken passage: only 15% of its frames yield trusted geometry (need >= 85%) -- replay, cut or calibration failure",0.3056
brighton_manutd,h1,33:02,0.4382,120.0,1862.5,1982.5,11.64,0.339,0.268,0.206,"broken passage: only 27% of its frames yield trusted geometry (need >= 85%) -- replay, cut or calibration failure",0.3427
brighton_manutd,h1,33:02,0.4382,90.0,1892.5,1982.5,10.95,0.226,0.195,0.16,"broken passage: only 20% of its frames yield trusted geometry (need >= 85%) -- replay, cut or calibration failure",0.2861
brighton_manutd,h1,33:02,0.4382,60.0,1926.5,1986.5,11.1,0.289,0.259,0.199,"broken passage: only 26% of its frames yield trusted geometry (need >= 85%) -- replay, cut or calibration failure",0.3191
brighton_manutd,h1,33:02,0.4382,30.0,1956.5,1986.5,11.15,0.377,0.344,0.272,"broken passage: only 34% of its frames yield trusted geometry (need >= 85%) -- replay, cut or calibration failure",0.3627
manutd_liverpool,h1,34:26,0.8359,120.0,1948.0,2068.0,9.81,0.126,0.233,0.183,"broken passage: only 23% of its frames yield trusted geometry (need >= 85%) -- replay, cut or calibration failure",0.2509
manutd_liverpool,h1,34:26,0.8359,90.0,1978.0,2068.0,9.79,0.162,0.29,0.224,"broken passage: only 29% of its frames yield trusted geometry (need >= 85%) -- replay, cut or calibration failure",0.273
manutd_liverpool,h1,34:26,0.8359,60.0,2006.0,2066.0,10.05,0.086,0.342,0.246,"broken passage: only 34% of its frames yield trusted geometry (need >= 85%) -- replay, cut or calibration failure",0.2698
manutd_liverpool,h1,34:26,0.8359,30.0,2038.0,2068.0,9.0,0.192,0.06,0.06,"broken passage: only 6% of its frames yield trusted geometry (need >= 85%) -- replay, cut or calibration failure",0.2129
manutd_liverpool,h1,41:58,0.8223,120.0,2400.5,2520.5,10.79,0.358,0.125,0.087,"broken passage: only 12% of its frames yield trusted geometry (need >= 85%) -- replay, cut or calibration failure",0.2985
manutd_liverpool,h1,41:58,0.8223,90.0,2430.0,2520.0,10.79,0.477,0.166,0.115,"broken passage: only 17% of its frames yield trusted geometry (need >= 85%) -- replay, cut or calibration failure",0.338
manutd_liverpool,h1,41:58,0.8223,60.0,2460.0,2520.0,10.76,0.658,0.246,0.169,"broken passage: only 25% of its frames yield trusted geometry (need >= 85%) -- replay, cut or calibration failure",0.4014
manutd_liverpool,h1,41:58,0.8223,30.0,2488.0,2518.0,10.5,0.768,0.291,0.199,"broken passage: only 29% of its frames yield trusted geometry (need >= 85%) -- replay, cut or calibration failure",0.4353
manutd_liverpool,h2,12:19,0.8047,120.0,619.0,739.0,10.49,0.285,0.105,0.073,"broken passage: only 10% of its frames yield trusted geometry (need >= 85%) -- replay, cut or calibration failure",0.2706
manutd_liverpool,h2,12:19,0.8047,90.0,649.0,739.0,11.23,0.239,0.095,0.073,"broken passage: only 10% of its frames yield trusted geometry (need >= 85%) -- replay, cut or calibration failure",0.2698
manutd_liverpool,h2,12:19,0.8047,60.0,679.0,739.0,10.25,0.236,0.08,0.063,"broken passage: only 8% of its frames yield trusted geometry (need >= 85%) -- replay, cut or calibration failure",0.2489
manutd_liverpool,h2,12:19,0.8047,30.0,709.0,739.0,8.8,0.377,0.066,0.046,"broken passage: only 7% of its frames yield trusted geometry (need >= 85%) -- replay, cut or calibration failure",0.2566
manutd_fulham,h2,41:52,0.8813,120.0,2402.5,2522.5,10.37,0.511,0.248,0.196,"broken passage: only 25% of its frames yield trusted geometry (need >= 85%) -- replay, cut or calibration failure",0.3599
manutd_fulham,h2,41:52,0.8813,90.0,2426.5,2516.5,10.27,0.514,0.262,0.204,"broken passage: only 26% of its frames yield trusted geometry (need >= 85%) -- replay, cut or calibration failure",0.3623
manutd_fulham,h2,41:52,0.8813,60.0,2452.5,2512.5,10.72,0.478,0.276,0.226,"broken passage: only 28% of its frames yield trusted geometry (need >= 85%) -- replay, cut or calibration failure",0.3648
manutd_fulham,h2,41:52,0.8813,30.0,2484.5,2514.5,10.5,0.338,0.132,0.113,"broken passage: only 13% of its frames yield trusted geometry (need >= 85%) -- replay, cut or calibration failure",0.2916
manutd_tottenham,h2,03:30,0.9629,120.0,90.5,210.5,10.27,0.379,0.26,0.183,"broken passage: only 26% of its frames yield trusted geometry (need >= 85%) -- replay, cut or calibration failure",0.3271
manutd_tottenham,h2,03:30,0.9629,90.0,120.5,210.5,10.57,0.384,0.197,0.129,"broken passage: only 20% of its frames yield trusted geometry (need >= 85%) -- replay, cut or calibration failure",0.318
manutd_tottenham,h2,03:30,0.9629,60.0,150.5,210.5,9.83,0.462,0.199,0.106,"broken passage: only 20% of its frames yield trusted geometry (need >= 85%) -- replay, cut or calibration failure",0.3245
manutd_tottenham,h2,03:30,0.9629,30.0,180.5,210.5,10.27,0.225,0.073,0.053,"broken passage: only 7% of its frames yield trusted geometry (need >= 85%) -- replay, cut or calibration failure",0.2447
manutd_tottenham,h2,33:25,0.9072,120.0,1885.5,2005.5,13.68,0.103,0.103,0.09,"broken passage: only 10% of its frames yield trusted geometry (need >= 85%) -- replay, cut or calibration failure",0.2789
manutd_tottenham,h2,33:25,0.9072,90.0,1917.5,2007.5,14.1,0.073,0.091,0.078,"broken passage: only 9% of its frames yield trusted geometry (need >= 85%) -- replay, cut or calibration failure",0.2753
manutd_tottenham,h2,33:25,0.9072,60.0,1945.5,2005.5,14.1,0.11,0.136,0.116,"broken passage: only 14% of its frames yield trusted geometry (need >= 85%) -- replay, cut or calibration failure",0.2954
manutd_tottenham,h2,33:25,0.9072,30.0,1975.5,2005.5,14.1,0.219,0.272,0.232,"broken passage: only 27% of its frames yield trusted geometry (need >= 85%) -- replay, cut or calibration failure",0.3555
manutd_tottenham,h1,02:42,0.8203,120.0,44.5,164.5,10.21,0.414,0.288,0.206,"broken passage: only 29% of its frames yield trusted geometry (need >= 85%) -- replay, cut or calibration failure",0.3417
manutd_tottenham,h1,02:42,0.8203,90.0,72.5,162.5,10.52,0.483,0.255,0.169,"broken passage: only 25% of its frames yield trusted geometry (need >= 85%) -- replay, cut or calibration failure",0.3556
manutd_tottenham,h1,02:42,0.8203,60.0,102.5,162.5,10.17,0.482,0.256,0.143,"broken passage: only 26% of its frames yield trusted geometry (need >= 85%) -- replay, cut or calibration failure",0.3482
manutd_tottenham,h1,02:42,0.8203,30.0,132.5,162.5,9.12,0.258,0.159,0.106,"broken passage: only 16% of its frames yield trusted geometry (need >= 85%) -- replay, cut or calibration failure",0.2537
manutd_tottenham,h2,28:12,0.3379,120.0,1572.5,1692.5,11.25,0.391,0.168,0.115,"broken passage: only 17% of its frames yield trusted geometry (need >= 85%) -- replay, cut or calibration failure",0.3246
manutd_tottenham,h2,28:12,0.3379,90.0,1602.5,1692.5,10.43,0.364,0.14,0.078,"broken passage: only 14% of its frames yield trusted geometry (need >= 85%) -- replay, cut or calibration failure",0.2965
manutd_tottenham,h2,28:12,0.3379,60.0,1632.5,1692.5,11.08,0.286,0.083,0.053,"broken passage: only 8% of its frames yield trusted geometry (need >= 85%) -- replay, cut or calibration failure",0.2754
manutd_tottenham,h2,28:12,0.3379,30.0,1662.5,1692.5,8.0,0.086,0.02,0.0,"broken passage: only 2% of its frames yield trusted geometry (need >= 85%) -- replay, cut or calibration failure",0.1588
southampton_manutd,h2,51:09,0.9688,60.0,3009.5,3069.5,11.39,0.701,0.595,0.505,"broken passage: only 59% of its frames yield trusted geometry (need >= 85%) -- replay, cut or calibration failure",0.5093
southampton_manutd,h2,51:09,0.9688,30.0,3039.5,3069.5,11.73,0.609,0.795,0.682,"broken passage: only 79% of its frames yield trusted geometry (need >= 85%) -- replay, cut or calibration failure",0.5409
southampton_manutd,h1,35:03,0.8916,120.0,1983.5,2103.5,9.77,0.271,0.173,0.083,"broken passage: only 17% of its frames yield trusted geometry (need >= 85%) -- replay, cut or calibration failure",0.2694
southampton_manutd,h1,35:03,0.8916,90.0,2013.5,2103.5,9.08,0.224,0.115,0.033,"broken passage: only 12% of its frames yield trusted geometry (need >= 85%) -- replay, cut or calibration failure",0.232
southampton_manutd,h1,35:03,0.8916,60.0,2043.5,2103.5,8.2,0.226,0.033,0.013,"broken passage: only 3% of its frames yield trusted geometry (need >= 85%) -- replay, cut or calibration failure",0.2005
southampton_manutd,h1,35:03,0.8916,30.0,2077.5,2107.5,8.75,0.106,0.026,0.013,"broken passage: only 3% of its frames yield trusted geometry (need >= 85%) -- replay, cut or calibration failure",0.1783
southampton_manutd,h1,41:02,0.5283,60.0,2404.5,2464.5,11.39,0.066,0.246,0.153,"broken passage: only 25% of its frames yield trusted geometry (need >= 85%) -- replay, cut or calibration failure",0.2633
southampton_manutd,h1,41:02,0.5283,30.0,2434.5,2464.5,11.48,0.132,0.344,0.199,"broken passage: only 34% of its frames yield trusted geometry (need >= 85%) -- replay, cut or calibration failure",0.3033
tottenham_manutd,h1,12:13,0.8799,120.0,615.5,735.5,11.26,0.363,0.296,0.248,"broken passage: only 30% of its frames yield trusted geometry (need >= 85%) -- replay, cut or calibration failure",0.35
tottenham_manutd,h1,12:13,0.8799,90.0,645.5,735.5,11.26,0.483,0.395,0.33,"broken passage: only 39% of its frames yield trusted geometry (need >= 85%) -- replay, cut or calibration failure",0.4039
tottenham_manutd,h1,12:13,0.8799,60.0,673.5,733.5,11.65,0.565,0.468,0.412,"broken passage: only 47% of its frames yield trusted geometry (need >= 85%) -- replay, cut or calibration failure",0.4496
tottenham_manutd,h1,12:13,0.8799,30.0,703.5,733.5,11.95,0.762,0.609,0.543,"broken passage: only 61% of its frames yield trusted geometry (need >= 85%) -- replay, cut or calibration failure",0.5385
manutd_southampton,h2,46:22,0.8682,120.0,2662.5,2782.5,10.72,0.155,0.101,0.075,"broken passage: only 10% of its frames yield trusted geometry (need >= 85%) -- replay, cut or calibration failure",0.2414
manutd_southampton,h2,46:22,0.8682,90.0,2692.5,2782.5,10.88,0.173,0.126,0.095,"broken passage: only 13% of its frames yield trusted geometry (need >= 85%) -- replay, cut or calibration failure",0.2546
manutd_southampton,h2,46:22,0.8682,60.0,2722.5,2782.5,10.07,0.203,0.133,0.1,"broken passage: only 13% of its frames yield trusted geometry (need >= 85%) -- replay, cut or calibration failure",0.2501
manutd_southampton,h2,46:22,0.8682,30.0,2752.5,2782.5,10.07,0.404,0.265,0.199,"broken passage: only 26% of its frames yield trusted geometry (need >= 85%) -- replay, cut or calibration failure",0.3318
manutd_southampton,h2,34:15,0.7827,120.0,1937.5,2057.5,14.91,0.364,0.265,0.22,"broken passage: only 26% of its frames yield trusted geometry (need >= 85%) -- replay, cut or calibration failure",0.4034
manutd_southampton,h2,34:15,0.7827,90.0,1967.5,2057.5,14.91,0.437,0.315,0.262,"broken passage: only 31% of its frames yield trusted geometry (need >= 85%) -- replay, cut or calibration failure",0.4337
manutd_southampton,h2,34:15,0.7827,60.0,1995.5,2055.5,12.06,0.402,0.256,0.183,"broken passage: only 26% of its frames yield trusted geometry (need >= 85%) -- replay, cut or calibration failure",0.3619
manutd_southampton,h2,34:15,0.7827,30.0,2027.5,2057.5,12.03,0.821,0.483,0.331,"broken passage: only 48% of its frames yield trusted geometry (need >= 85%) -- replay, cut or calibration failure",0.519
manutd_southampton,h2,42:23,0.3877,120.0,2423.0,2543.0,12.73,0.459,0.331,0.295,"broken passage: only 33% of its frames yield trusted geometry (need >= 85%) -- replay, cut or calibration failure",0.4079
manutd_southampton,h2,42:23,0.3877,90.0,2453.0,2543.0,12.73,0.612,0.441,0.392,"broken passage: only 44% of its frames yield trusted geometry (need >= 85%) -- replay, cut or calibration failure",0.473
manutd_southampton,h2,42:23,0.3877,60.0,2483.0,2543.0,13.01,0.748,0.512,0.478,"broken passage: only 51% of its frames yield trusted geometry (need >= 85%) -- replay, cut or calibration failure",0.5299
manutd_southampton,h2,42:23,0.3877,30.0,2513.0,2543.0,10.76,0.636,0.338,0.278,"broken passage: only 34% of its frames yield trusted geometry (need >= 85%) -- replay, cut or calibration failure",0.4198
liverpool_manutd,h2,05:05,0.9443,120.0,185.0,305.0,10.35,0.506,0.26,0.201,"broken passage: only 26% of its frames yield trusted geometry (need >= 85%) -- replay, cut or calibration failure",0.3609
liverpool_manutd,h2,05:05,0.9443,90.0,215.0,305.0,10.02,0.466,0.262,0.2,"broken passage: only 26% of its frames yield trusted geometry (need >= 85%) -- replay, cut or calibration failure",0.3457
liverpool_manutd,h2,05:05,0.9443,60.0,245.0,305.0,9.48,0.505,0.276,0.193,"broken passage: only 28% of its frames yield trusted geometry (need >= 85%) -- replay, cut or calibration failure",0.3491
liverpool_manutd,h2,05:05,0.9443,30.0,275.0,305.0,9.52,0.285,0.179,0.106,"broken passage: only 18% of its frames yield trusted geometry (need >= 85%) -- replay, cut or calibration failure",0.2709
liverpool_manutd,h2,11:46,0.855,90.0,616.5,706.5,14.35,0.284,0.217,0.182,"broken passage: only 22% of its frames yield trusted geometry (need >= 85%) -- replay, cut or calibration failure",0.3626
liverpool_manutd,h2,11:46,0.855,60.0,646.5,706.5,14.46,0.379,0.319,0.269,"broken passage: only 32% of its frames yield trusted geometry (need >= 85%) -- replay, cut or calibration failure",0.4129
liverpool_manutd,h2,11:46,0.855,30.0,676.5,706.5,14.44,0.225,0.258,0.205,"broken passage: only 26% of its frames yield trusted geometry (need >= 85%) -- replay, cut or calibration failure",0.3588
liverpool_manutd,h2,32:55,0.6792,120.0,1855.5,1975.5,10.95,0.296,0.218,0.155,"broken passage: only 22% of its frames yield trusted geometry (need >= 85%) -- replay, cut or calibration failure",0.3078
liverpool_manutd,h2,32:55,0.6792,90.0,1885.5,1975.5,10.77,0.319,0.239,0.162,"broken passage: only 24% of its frames yield trusted geometry (need >= 85%) -- replay, cut or calibration failure",0.3153
liverpool_manutd,h2,32:55,0.6792,60.0,1915.5,1975.5,11.25,0.326,0.239,0.153,"broken passage: only 24% of its frames yield trusted geometry (need >= 85%) -- replay, cut or calibration failure",0.3244
liverpool_manutd,h2,32:55,0.6792,30.0,1945.5,1975.5,12.68,0.384,0.252,0.238,"broken passage: only 25% of its frames yield trusted geometry (need >= 85%) -- replay, cut or calibration failure",0.3697
liverpool_manutd,h1,42:26,0.3127,120.0,2426.5,2546.5,10.35,0.136,0.043,0.037,"broken passage: only 4% of its frames yield trusted geometry (need >= 85%) -- replay, cut or calibration failure",0.217
liverpool_manutd,h1,42:26,0.3127,90.0,2456.5,2546.5,10.68,0.104,0.049,0.042,"broken passage: only 5% of its frames yield trusted geometry (need >= 85%) -- replay, cut or calibration failure",0.2159
liverpool_manutd,h1,42:26,0.3127,60.0,2486.5,2546.5,8.33,0.093,0.02,0.013,"broken passage: only 2% of its frames yield trusted geometry (need >= 85%) -- replay, cut or calibration failure",0.1668
liverpool_manutd,h1,42:26,0.3127,30.0,2516.5,2546.5,8.0,0.079,0.013,0.0,"broken passage: only 1% of its frames yield trusted geometry (need >= 85%) -- replay, cut or calibration failure",0.1558
manutd_brighton,h1,22:10,0.9121,120.0,1210.5,1330.5,13.62,0.0,0.013,0.013,"broken passage: only 1% of its frames yield trusted geometry (need >= 85%) -- replay, cut or calibration failure",0.2304
manutd_brighton,h1,22:10,0.9121,90.0,1252.5,1342.5,14.0,0.0,0.009,0.009,"broken passage: only 1% of its frames yield trusted geometry (need >= 85%) -- replay, cut or calibration failure",0.2356
manutd_brighton,h1,22:10,0.9121,60.0,1270.5,1330.5,0.0,0.0,0.0,0.0,"broken passage: only 0% of its frames yield trusted geometry (need >= 85%) -- replay, cut or calibration failure",0.0
manutd_brighton,h1,22:10,0.9121,30.0,1300.5,1330.5,0.0,0.0,0.0,0.0,"broken passage: only 0% of its frames yield trusted geometry (need >= 85%) -- replay, cut or calibration failure",0.0
manutd_brighton,h1,04:16,0.7783,120.0,138.5,258.5,12.43,0.478,0.353,0.304,"broken passage: only 35% of its frames yield trusted geometry (need >= 85%) -- replay, cut or calibration failure",0.4124
manutd_brighton,h1,04:16,0.7783,90.0,168.5,258.5,12.54,0.563,0.435,0.381,"broken passage: only 43% of its frames yield trusted geometry (need >= 85%) -- replay, cut or calibration failure",0.4558
manutd_brighton,h1,04:16,0.7783,60.0,198.5,258.5,11.34,0.688,0.342,0.282,"broken passage: only 34% of its frames yield trusted geometry (need >= 85%) -- replay, cut or calibration failure",0.4435
manutd_brighton,h1,04:16,0.7783,30.0,226.5,256.5,11.2,0.682,0.391,0.351,"broken passage: only 39% of its frames yield trusted geometry (need >= 85%) -- replay, cut or calibration failure",0.4529
manutd_brighton,h2,13:55,0.7144,120.0,719.0,839.0,10.42,0.288,0.218,0.17,"broken passage: only 22% of its frames yield trusted geometry (need >= 85%) -- replay, cut or calibration failure",0.2977
manutd_brighton,h2,13:55,0.7144,90.0,749.0,839.0,10.12,0.361,0.268,0.206,"broken passage: only 27% of its frames yield trusted geometry (need >= 85%) -- replay, cut or calibration failure",0.3229
manutd_brighton,h2,13:55,0.7144,60.0,779.0,839.0,10.19,0.532,0.382,0.299,"broken passage: only 38% of its frames yield trusted geometry (need >= 85%) -- replay, cut or calibration failure",0.3941
manutd_brighton,h2,13:55,0.7144,30.0,809.0,839.0,10.28,0.642,0.424,0.338,"broken passage: only 42% of its frames yield trusted geometry (need >= 85%) -- replay, cut or calibration failure",0.4336
manutd_brighton,h2,06:07,0.6348,120.0,247.0,367.0,14.0,0.468,0.509,0.454,"broken passage: only 51% of its frames yield trusted geometry (need >= 85%) -- replay, cut or calibration failure",0.4748
manutd_brighton,h2,06:07,0.6348,90.0,277.0,367.0,15.18,0.355,0.486,0.443,"broken passage: only 49% of its frames yield trusted geometry (need >= 85%) -- replay, cut or calibration failure",0.461
manutd_brighton,h2,06:07,0.6348,60.0,309.0,369.0,17.14,0.239,0.475,0.458,"broken passage: only 48% of its frames yield trusted geometry (need >= 85%) -- replay, cut or calibration failure",0.4634
manutd_brighton,h2,06:07,0.6348,30.0,337.0,367.0,15.94,0.477,0.57,0.543,"broken passage: only 57% of its frames yield trusted geometry (need >= 85%) -- replay, cut or calibration failure",0.526
manutd_palace,h2,16:12,0.7358,120.0,852.5,972.5,15.54,0.3,0.339,0.324,"broken passage: only 34% of its frames yield trusted geometry (need >= 85%) -- replay, cut or calibration failure",0.418
manutd_palace,h2,16:12,0.7358,90.0,882.5,972.5,16.02,0.31,0.377,0.357,"broken passage: only 38% of its frames yield trusted geometry (need >= 85%) -- replay, cut or calibration failure",0.4379
manutd_palace,h2,16:12,0.7358,60.0,912.5,972.5,15.02,0.329,0.329,0.309,"broken passage: only 33% of its frames yield trusted geometry (need >= 85%) -- replay, cut or calibration failure",0.4138
manutd_palace,h2,16:12,0.7358,30.0,946.5,976.5,18.51,0.179,0.245,0.238,"broken passage: only 25% of its frames yield trusted geometry (need >= 85%) -- replay, cut or calibration failure",0.4056
manutd_palace,h2,41:13,0.5615,60.0,2413.0,2473.0,9.05,0.399,0.133,0.096,"broken passage: only 13% of its frames yield trusted geometry (need >= 85%) -- replay, cut or calibration failure",0.2819
manutd_palace,h2,41:13,0.5615,30.0,2443.0,2473.0,8.33,0.338,0.06,0.06,"broken passage: only 6% of its frames yield trusted geometry (need >= 85%) -- replay, cut or calibration failure",0.2382
