match,chunk,frame,box_h,face_px_geo,face_px_det
manutd_brighton,h1_chunk_000,845,71.0,7.888888888888888,0.0
manutd_brighton,h1_chunk_000,1080,88.0,9.777777777777777,0.0
manutd_brighton,h1_chunk_000,1115,118.0,13.11111111111111,0.0
manutd_brighton,h1_chunk_000,1355,116.0,12.888888888888888,0.0
manutd_brighton,h1_chunk_000,1700,85.0,9.444444444444445,0.0
manutd_brighton,h1_chunk_000,1765,73.0,8.11111111111111,0.0
manutd_brighton,h1_chunk_000,1905,69.0,7.666666666666666,0.0
manutd_brighton,h1_chunk_000,2835,69.0,7.666666666666666,0.0
manutd_brighton,h1_chunk_000,2915,84.0,9.333333333333332,0.0
manutd_brighton,h1_chunk_000,4050,73.0,8.11111111111111,0.0
manutd_brighton,h1_chunk_000,4290,100.0,11.11111111111111,0.0
manutd_brighton,h1_chunk_000,4495,71.0,7.888888888888888,0.0
manutd_brighton,h1_chunk_000,5145,112.0,12.444444444444443,0.0
manutd_brighton,h1_chunk_000,5390,79.0,8.777777777777777,0.0
manutd_brighton,h1_chunk_000,5505,83.0,9.222222222222221,0.0
manutd_brighton,h1_chunk_000,5935,87.0,9.666666666666666,0.0
manutd_brighton,h1_chunk_000,6190,71.0,7.888888888888888,0.0
manutd_brighton,h1_chunk_000,6260,83.0,9.222222222222221,0.0
manutd_brighton,h1_chunk_000,8740,67.0,7.444444444444444,0.0
manutd_brighton,h1_chunk_000,8855,81.0,9.0,0.0
manutd_brighton,h1_chunk_000,9620,89.0,9.888888888888888,0.0
manutd_brighton,h1_chunk_000,10160,97.0,10.777777777777777,0.0
manutd_brighton,h1_chunk_000,11315,96.0,10.666666666666666,17.0
manutd_brighton,h1_chunk_000,11420,104.0,11.555555555555555,0.0
manutd_brighton,h1_chunk_000,11660,95.0,10.555555555555555,0.0
manutd_brighton,h1_chunk_000,12260,84.0,9.333333333333332,0.0
manutd_brighton,h1_chunk_000,12360,76.0,8.444444444444445,0.0
manutd_brighton,h1_chunk_000,12970,103.0,11.444444444444445,0.0
manutd_brighton,h1_chunk_000,13165,88.0,9.777777777777777,0.0
manutd_brighton,h1_chunk_000,13310,126.0,14.0,0.0
manutd_brighton,h1_chunk_000,13370,112.0,12.444444444444443,0.0
manutd_brighton,h1_chunk_000,13490,80.0,8.88888888888889,0.0
manutd_brighton,h1_chunk_000,13625,104.0,11.555555555555555,0.0
manutd_brighton,h1_chunk_000,13700,81.0,9.0,0.0
manutd_brighton,h1_chunk_000,13940,84.0,9.333333333333332,0.0
manutd_brighton,h1_chunk_000,13970,104.0,11.555555555555555,0.0
manutd_brighton,h1_chunk_000,14010,117.0,13.0,0.0
manutd_brighton,h1_chunk_000,14265,88.0,9.777777777777777,0.0
manutd_brighton,h1_chunk_000,14340,103.0,11.444444444444445,0.0
manutd_brighton,h1_chunk_000,14450,125.0,13.888888888888888,0.0
manutd_brighton,h1_chunk_000,14560,92.0,10.222222222222221,0.0
manutd_brighton,h1_chunk_000,14820,72.0,8.0,0.0
manutd_brighton,h1_chunk_000,14940,83.0,9.222222222222221,0.0
manutd_brighton,h1_chunk_001,90,93.0,10.333333333333332,0.0
manutd_brighton,h1_chunk_001,435,82.0,9.11111111111111,0.0
manutd_brighton,h1_chunk_001,495,69.0,7.666666666666666,0.0
manutd_brighton,h1_chunk_001,760,80.0,8.88888888888889,0.0
manutd_brighton,h1_chunk_001,865,64.0,7.111111111111111,0.0
manutd_brighton,h1_chunk_001,1040,86.0,9.555555555555555,0.0
manutd_brighton,h1_chunk_001,1165,105.0,11.666666666666666,0.0
manutd_brighton,h1_chunk_001,3405,96.0,10.666666666666666,0.0
manutd_brighton,h1_chunk_001,3885,106.0,11.777777777777777,20.333333333333332
manutd_brighton,h1_chunk_001,4215,72.0,8.0,0.0
manutd_brighton,h1_chunk_001,4945,82.0,9.11111111111111,0.0
manutd_brighton,h1_chunk_001,4985,68.0,7.555555555555555,0.0
manutd_brighton,h1_chunk_001,5875,76.0,8.444444444444445,0.0
manutd_brighton,h1_chunk_001,6000,71.0,7.888888888888888,0.0
manutd_brighton,h1_chunk_001,6085,80.0,8.88888888888889,0.0
manutd_brighton,h1_chunk_001,6250,114.0,12.666666666666666,0.0
manutd_brighton,h1_chunk_001,6295,91.0,10.11111111111111,0.0
manutd_brighton,h1_chunk_001,6650,78.0,8.666666666666666,0.0
manutd_brighton,h1_chunk_001,6765,72.0,8.0,0.0
manutd_brighton,h1_chunk_001,6820,80.0,8.88888888888889,0.0
manutd_brighton,h1_chunk_001,6950,125.0,13.888888888888888,0.0
manutd_brighton,h1_chunk_001,7005,100.0,11.11111111111111,0.0
manutd_brighton,h1_chunk_001,7035,80.0,8.88888888888889,0.0
manutd_brighton,h1_chunk_001,7330,108.0,12.0,0.0
manutd_brighton,h1_chunk_001,7505,123.0,13.666666666666666,0.0
manutd_brighton,h1_chunk_001,7630,85.0,9.444444444444445,0.0
manutd_brighton,h1_chunk_001,7870,68.0,7.555555555555555,0.0
manutd_brighton,h1_chunk_001,8095,77.0,8.555555555555555,0.0
manutd_brighton,h1_chunk_001,8410,85.0,9.444444444444445,0.0
manutd_brighton,h1_chunk_001,9230,102.0,11.333333333333332,0.0
manutd_brighton,h1_chunk_001,9440,92.0,10.222222222222221,0.0
manutd_brighton,h1_chunk_001,9645,88.0,9.777777777777777,0.0
manutd_brighton,h1_chunk_001,9710,95.0,10.555555555555555,0.0
manutd_brighton,h1_chunk_001,9855,86.0,9.555555555555555,0.0
manutd_brighton,h1_chunk_001,10060,100.0,11.11111111111111,0.0
manutd_brighton,h1_chunk_001,10115,107.0,11.888888888888888,0.0
manutd_brighton,h1_chunk_001,10215,96.0,10.666666666666666,0.0
manutd_brighton,h1_chunk_001,11300,80.0,8.88888888888889,0.0
manutd_brighton,h1_chunk_001,11485,99.0,11.0,0.0
manutd_brighton,h1_chunk_001,11725,86.0,9.555555555555555,0.0
manutd_brighton,h1_chunk_001,11770,102.0,11.333333333333332,0.0
manutd_brighton,h1_chunk_001,11800,92.0,10.222222222222221,0.0
manutd_brighton,h1_chunk_001,11910,79.0,8.777777777777777,0.0
manutd_brighton,h1_chunk_001,12335,86.0,9.555555555555555,0.0
manutd_brighton,h1_chunk_001,12395,118.0,13.11111111111111,0.0
manutd_brighton,h1_chunk_001,12480,129.0,14.333333333333332,0.0
manutd_brighton,h1_chunk_001,12620,85.0,9.444444444444445,0.0
manutd_brighton,h1_chunk_001,12685,68.0,7.555555555555555,0.0
manutd_brighton,h1_chunk_001,12825,69.0,7.666666666666666,0.0
manutd_brighton,h1_chunk_001,13020,78.0,8.666666666666666,0.0
manutd_brighton,h1_chunk_001,13260,121.0,13.444444444444443,0.0
manutd_brighton,h1_chunk_001,13340,121.0,13.444444444444443,0.0
manutd_brighton,h1_chunk_001,13495,109.0,12.11111111111111,0.0
manutd_brighton,h1_chunk_001,13770,67.0,7.444444444444444,0.0
manutd_brighton,h1_chunk_001,13820,72.0,8.0,0.0
manutd_brighton,h1_chunk_001,13925,75.0,8.333333333333332,0.0
manutd_brighton,h1_chunk_001,14070,74.0,8.222222222222221,0.0
manutd_brighton,h1_chunk_001,14345,93.0,10.333333333333332,0.0
manutd_brighton,h1_chunk_001,14360,101.0,11.222222222222221,0.0
manutd_brighton,h1_chunk_001,14645,127.0,14.11111111111111,0.0
manutd_brighton,h1_chunk_002,4645,79.0,8.777777777777777,0.0
manutd_brighton,h1_chunk_002,4730,92.0,10.222222222222221,0.0
manutd_brighton,h1_chunk_002,5070,104.0,11.555555555555555,0.0
manutd_brighton,h1_chunk_002,5350,105.0,11.666666666666666,0.0
manutd_brighton,h1_chunk_002,5835,90.0,10.0,0.0
manutd_brighton,h1_chunk_002,5910,78.0,8.666666666666666,0.0
manutd_brighton,h1_chunk_002,6235,75.0,8.333333333333332,0.0
manutd_brighton,h1_chunk_002,6720,108.0,12.0,0.0
manutd_brighton,h1_chunk_002,6790,95.0,10.555555555555555,0.0
manutd_brighton,h1_chunk_002,7560,109.0,12.11111111111111,0.0
manutd_brighton,h1_chunk_002,9100,74.0,8.222222222222221,0.0
manutd_brighton,h1_chunk_002,10310,99.0,11.0,0.0
manutd_brighton,h1_chunk_002,11615,86.0,9.555555555555555,0.0
manutd_brighton,h1_chunk_002,11655,72.0,8.0,0.0
manutd_brighton,h1_chunk_002,11790,99.0,11.0,0.0
manutd_brighton,h1_chunk_002,11830,96.0,10.666666666666666,0.0
manutd_brighton,h1_chunk_002,13685,122.0,13.555555555555555,0.0
manutd_brighton,h1_chunk_002,13950,68.0,7.555555555555555,0.0
manutd_brighton,h1_chunk_002,14020,70.0,7.777777777777778,0.0
manutd_brighton,h1_chunk_002,14065,72.0,8.0,0.0
manutd_brighton,h1_chunk_002,14315,73.0,8.11111111111111,0.0
manutd_brighton,h1_chunk_002,14485,75.0,8.333333333333332,0.0
manutd_brighton,h1_chunk_002,14515,81.0,9.0,0.0
manutd_brighton,h1_chunk_003,60,104.0,11.555555555555555,0.0
manutd_brighton,h1_chunk_003,155,77.0,8.555555555555555,0.0
manutd_brighton,h1_chunk_003,310,71.0,7.888888888888888,0.0
manutd_brighton,h1_chunk_003,675,85.0,9.444444444444445,0.0
manutd_brighton,h1_chunk_003,830,93.0,10.333333333333332,0.0
manutd_brighton,h1_chunk_003,865,97.0,10.777777777777777,0.0
manutd_brighton,h1_chunk_003,885,93.0,10.333333333333332,0.0
manutd_brighton,h1_chunk_003,1170,71.0,7.888888888888888,0.0
manutd_brighton,h1_chunk_003,1230,76.0,8.444444444444445,0.0
manutd_brighton,h1_chunk_003,1285,84.0,9.333333333333332,0.0
manutd_brighton,h1_chunk_003,1390,105.0,11.666666666666666,0.0
manutd_brighton,h1_chunk_003,1555,93.0,10.333333333333332,0.0
manutd_brighton,h1_chunk_003,1580,100.0,11.11111111111111,0.0
manutd_brighton,h1_chunk_003,1625,123.0,13.666666666666666,0.0
manutd_brighton,h1_chunk_003,1755,117.0,13.0,0.0
manutd_brighton,h1_chunk_003,1920,98.0,10.888888888888888,0.0
manutd_brighton,h1_chunk_003,2015,90.0,10.0,0.0
manutd_brighton,h1_chunk_003,2050,96.0,10.666666666666666,0.0
manutd_brighton,h1_chunk_003,2105,84.0,9.333333333333332,0.0
manutd_brighton,h1_chunk_003,2165,73.0,8.11111111111111,0.0
manutd_brighton,h1_chunk_003,2420,106.0,11.777777777777777,0.0
manutd_brighton,h1_chunk_003,2485,116.0,12.888888888888888,27.0
manutd_brighton,h1_chunk_003,2565,118.0,13.11111111111111,0.0
manutd_brighton,h1_chunk_003,2700,93.0,10.333333333333332,0.0
manutd_brighton,h1_chunk_003,2775,113.0,12.555555555555555,0.0
manutd_brighton,h1_chunk_003,2955,70.0,7.777777777777778,0.0
manutd_brighton,h1_chunk_003,3095,75.0,8.333333333333332,0.0
manutd_brighton,h1_chunk_003,3630,106.0,11.777777777777777,0.0
manutd_brighton,h1_chunk_003,5090,69.0,7.666666666666666,0.0
manutd_brighton,h1_chunk_003,5200,77.0,8.555555555555555,0.0
manutd_brighton,h1_chunk_003,5250,82.0,9.11111111111111,0.0
manutd_brighton,h1_chunk_003,5315,69.0,7.666666666666666,0.0
manutd_brighton,h1_chunk_003,5410,88.0,9.777777777777777,0.0
manutd_brighton,h1_chunk_003,5530,76.0,8.444444444444445,0.0
manutd_brighton,h1_chunk_003,5800,72.0,8.0,0.0
manutd_brighton,h1_chunk_003,5825,72.0,8.0,0.0
manutd_brighton,h1_chunk_003,6895,79.0,8.777777777777777,0.0
manutd_brighton,h1_chunk_003,7020,70.0,7.777777777777778,0.0
manutd_brighton,h1_chunk_003,7215,76.0,8.444444444444445,0.0
manutd_brighton,h1_chunk_003,7545,83.0,9.222222222222221,0.0
manutd_brighton,h1_chunk_003,8440,97.0,10.777777777777777,0.0
manutd_brighton,h1_chunk_003,8505,87.0,9.666666666666666,0.0
manutd_brighton,h1_chunk_003,8555,104.0,11.555555555555555,0.0
manutd_brighton,h1_chunk_003,8585,96.0,10.666666666666666,0.0
manutd_brighton,h1_chunk_003,8865,69.0,7.666666666666666,0.0
manutd_brighton,h1_chunk_003,8970,81.0,9.0,0.0
manutd_brighton,h1_chunk_003,9140,97.0,10.777777777777777,0.0
manutd_brighton,h1_chunk_003,9215,103.0,11.444444444444445,0.0
manutd_brighton,h1_chunk_003,9505,107.0,11.888888888888888,0.0
manutd_brighton,h1_chunk_003,9570,122.0,13.555555555555555,0.0
manutd_brighton,h1_chunk_003,9610,101.0,11.222222222222221,0.0
manutd_brighton,h1_chunk_003,9620,112.0,12.444444444444443,0.0
manutd_brighton,h1_chunk_003,9650,101.0,11.222222222222221,0.0
manutd_brighton,h1_chunk_003,9780,97.0,10.777777777777777,0.0
manutd_brighton,h1_chunk_003,9850,74.0,8.222222222222221,0.0
manutd_brighton,h1_chunk_003,9965,95.0,10.555555555555555,0.0
manutd_brighton,h1_chunk_003,10675,111.0,12.333333333333332,0.0
manutd_brighton,h1_chunk_003,10720,133.0,14.777777777777777,0.0
manutd_brighton,h1_chunk_003,11110,70.0,7.777777777777778,0.0
manutd_brighton,h1_chunk_003,11165,78.0,8.666666666666666,0.0
manutd_brighton,h1_chunk_003,11420,106.0,11.777777777777777,0.0
manutd_brighton,h1_chunk_003,12345,103.0,11.444444444444445,0.0
manutd_brighton,h1_chunk_003,12435,96.0,10.666666666666666,0.0
manutd_brighton,h1_chunk_003,12565,78.0,8.666666666666666,0.0
manutd_brighton,h1_chunk_003,12715,83.0,9.222222222222221,0.0
manutd_brighton,h1_chunk_003,13950,92.0,10.222222222222221,0.0
manutd_brighton,h1_chunk_003,14050,75.0,8.333333333333332,0.0
manutd_brighton,h1_chunk_003,14290,71.0,7.888888888888888,0.0
manutd_brighton,h1_chunk_003,14350,81.0,9.0,0.0
manutd_brighton,h1_chunk_004,360,91.0,10.11111111111111,0.0
manutd_brighton,h1_chunk_004,445,112.0,12.444444444444443,0.0
manutd_brighton,h1_chunk_004,705,91.0,10.11111111111111,0.0
manutd_brighton,h1_chunk_004,845,100.0,11.11111111111111,0.0
manutd_brighton,h1_chunk_004,940,85.0,9.444444444444445,0.0
manutd_brighton,h1_chunk_004,1370,105.0,11.666666666666666,0.0
manutd_brighton,h1_chunk_004,1405,110.0,12.222222222222221,0.0
manutd_brighton,h1_chunk_004,1515,124.0,13.777777777777777,0.0
manutd_brighton,h1_chunk_004,1840,86.0,9.555555555555555,0.0
manutd_brighton,h1_chunk_004,2005,84.0,9.333333333333332,0.0
manutd_brighton,h1_chunk_004,2190,127.0,14.11111111111111,0.0
manutd_brighton,h1_chunk_004,2325,100.0,11.11111111111111,0.0
manutd_brighton,h1_chunk_004,2415,103.0,11.444444444444445,0.0
manutd_brighton,h1_chunk_004,2465,116.0,12.888888888888888,0.0
manutd_brighton,h1_chunk_004,3075,83.0,9.222222222222221,0.0
manutd_brighton,h1_chunk_004,3280,120.0,13.333333333333332,0.0
manutd_brighton,h1_chunk_004,3530,72.0,8.0,0.0
manutd_brighton,h1_chunk_004,5470,75.0,8.333333333333332,0.0
manutd_brighton,h1_chunk_004,6985,75.0,8.333333333333332,0.0
manutd_brighton,h1_chunk_004,7230,74.0,8.222222222222221,0.0
manutd_brighton,h1_chunk_004,8600,102.0,11.333333333333332,0.0
manutd_brighton,h1_chunk_004,10125,82.0,9.11111111111111,29.666666666666668
manutd_brighton,h1_chunk_004,10165,86.0,9.555555555555555,0.0
manutd_brighton,h1_chunk_004,10260,77.0,8.555555555555555,0.0
manutd_brighton,h1_chunk_004,12235,110.0,12.222222222222221,0.0
manutd_brighton,h1_chunk_004,12325,77.0,8.555555555555555,0.0
manutd_brighton,h1_chunk_004,12445,75.0,8.333333333333332,0.0
manutd_brighton,h1_chunk_004,12480,76.0,8.444444444444445,0.0
manutd_brighton,h1_chunk_004,12515,75.0,8.333333333333332,0.0
manutd_brighton,h1_chunk_004,12575,88.0,9.777777777777777,0.0
manutd_brighton,h1_chunk_004,12655,115.0,12.777777777777777,0.0
manutd_brighton,h1_chunk_004,12715,109.0,12.11111111111111,0.0
manutd_brighton,h1_chunk_004,12755,92.0,10.222222222222221,0.0
manutd_brighton,h1_chunk_004,12785,84.0,9.333333333333332,0.0
manutd_brighton,h1_chunk_004,13005,74.0,8.222222222222221,0.0
manutd_brighton,h1_chunk_004,13040,73.0,8.11111111111111,0.0
manutd_brighton,h1_chunk_004,13110,66.0,7.333333333333333,0.0
manutd_brighton,h1_chunk_004,13145,73.0,8.11111111111111,17.666666666666668
manutd_brighton,h1_chunk_004,13220,85.0,9.444444444444445,0.0
manutd_brighton,h1_chunk_004,13300,106.0,11.777777777777777,0.0
manutd_brighton,h2_chunk_000,230,71.0,7.888888888888888,0.0
manutd_brighton,h2_chunk_000,335,91.0,10.11111111111111,0.0
manutd_brighton,h2_chunk_000,595,79.0,8.777777777777777,0.0
manutd_brighton,h2_chunk_000,1455,100.0,11.11111111111111,0.0
manutd_brighton,h2_chunk_000,2545,66.0,7.333333333333333,0.0
manutd_brighton,h2_chunk_000,2595,74.0,8.222222222222221,0.0
manutd_brighton,h2_chunk_000,2860,86.0,9.555555555555555,0.0
manutd_brighton,h2_chunk_000,3010,73.0,8.11111111111111,0.0
manutd_brighton,h2_chunk_000,3065,86.0,9.555555555555555,0.0
manutd_brighton,h2_chunk_000,3125,74.0,8.222222222222221,0.0
manutd_brighton,h2_chunk_000,3395,82.0,9.11111111111111,0.0
manutd_brighton,h2_chunk_000,4375,112.0,12.444444444444443,0.0
manutd_brighton,h2_chunk_000,4410,120.0,13.333333333333332,0.0
manutd_brighton,h2_chunk_000,5015,118.0,13.11111111111111,0.0
manutd_brighton,h2_chunk_000,5450,78.0,8.666666666666666,0.0
manutd_brighton,h2_chunk_000,5520,73.0,8.11111111111111,0.0
manutd_brighton,h2_chunk_000,5800,72.0,8.0,0.0
manutd_brighton,h2_chunk_000,6110,113.0,12.555555555555555,0.0
manutd_brighton,h2_chunk_000,6180,86.0,9.555555555555555,0.0
manutd_brighton,h2_chunk_000,6230,108.0,12.0,0.0
manutd_brighton,h2_chunk_000,6395,74.0,8.222222222222221,0.0
manutd_brighton,h2_chunk_000,6625,69.0,7.666666666666666,0.0
manutd_brighton,h2_chunk_000,6855,69.0,7.666666666666666,0.0
manutd_brighton,h2_chunk_000,7070,99.0,11.0,0.0
manutd_brighton,h2_chunk_000,7085,91.0,10.11111111111111,0.0
manutd_brighton,h2_chunk_000,7135,91.0,10.11111111111111,0.0
manutd_brighton,h2_chunk_000,7195,124.0,13.777777777777777,0.0
manutd_brighton,h2_chunk_000,7225,112.0,12.444444444444443,19.666666666666668
manutd_brighton,h2_chunk_000,9035,111.0,12.333333333333332,0.0
manutd_brighton,h2_chunk_000,14845,71.0,7.888888888888888,0.0
manutd_brighton,h2_chunk_001,100,73.0,8.11111111111111,0.0
manutd_brighton,h2_chunk_001,165,89.0,9.888888888888888,0.0
manutd_brighton,h2_chunk_001,225,67.0,7.444444444444444,0.0
manutd_brighton,h2_chunk_001,495,73.0,8.11111111111111,0.0
manutd_brighton,h2_chunk_001,560,79.0,8.777777777777777,0.0
manutd_brighton,h2_chunk_001,690,107.0,11.888888888888888,0.0
manutd_brighton,h2_chunk_001,800,92.0,10.222222222222221,0.0
manutd_brighton,h2_chunk_001,860,99.0,11.0,0.0
manutd_brighton,h2_chunk_001,1485,71.0,7.888888888888888,0.0
manutd_brighton,h2_chunk_001,1780,96.0,10.666666666666666,0.0
manutd_brighton,h2_chunk_001,1935,97.0,10.777777777777777,0.0
manutd_brighton,h2_chunk_001,2125,92.0,10.222222222222221,0.0
manutd_brighton,h2_chunk_001,2195,95.0,10.555555555555555,0.0
manutd_brighton,h2_chunk_001,2330,105.0,11.666666666666666,0.0
manutd_brighton,h2_chunk_001,2520,94.0,10.444444444444445,0.0
manutd_brighton,h2_chunk_001,3685,129.0,14.333333333333332,0.0
manutd_brighton,h2_chunk_001,4810,70.0,7.777777777777778,0.0
manutd_brighton,h2_chunk_001,4835,78.0,8.666666666666666,0.0
manutd_brighton,h2_chunk_001,4895,74.0,8.222222222222221,0.0
manutd_brighton,h2_chunk_001,4975,82.0,9.11111111111111,0.0
manutd_brighton,h2_chunk_001,5340,73.0,8.11111111111111,0.0
manutd_brighton,h2_chunk_001,5475,94.0,10.444444444444445,0.0
manutd_brighton,h2_chunk_001,5550,90.0,10.0,0.0
manutd_brighton,h2_chunk_001,5725,89.0,9.888888888888888,0.0
manutd_brighton,h2_chunk_001,5805,95.0,10.555555555555555,0.0
manutd_brighton,h2_chunk_001,9430,76.0,8.444444444444445,0.0
manutd_brighton,h2_chunk_001,9475,76.0,8.444444444444445,0.0
manutd_brighton,h2_chunk_001,9795,102.0,11.333333333333332,0.0
manutd_brighton,h2_chunk_001,10290,78.0,8.666666666666666,0.0
manutd_brighton,h2_chunk_001,10310,82.0,9.11111111111111,0.0
manutd_brighton,h2_chunk_001,10465,86.0,9.555555555555555,0.0
manutd_brighton,h2_chunk_001,10660,116.0,12.888888888888888,0.0
manutd_brighton,h2_chunk_001,12465,95.0,10.555555555555555,0.0
manutd_brighton,h2_chunk_001,13180,76.0,8.444444444444445,0.0
manutd_brighton,h2_chunk_001,13230,87.0,9.666666666666666,0.0
manutd_brighton,h2_chunk_002,1010,72.0,8.0,0.0
manutd_brighton,h2_chunk_002,1080,92.0,10.222222222222221,0.0
manutd_brighton,h2_chunk_002,1125,74.0,8.222222222222221,0.0
manutd_brighton,h2_chunk_002,1225,73.0,8.11111111111111,0.0
manutd_brighton,h2_chunk_002,1445,98.0,10.888888888888888,0.0
manutd_brighton,h2_chunk_002,1705,89.0,9.888888888888888,0.0
manutd_brighton,h2_chunk_002,2085,71.0,7.888888888888888,0.0
manutd_brighton,h2_chunk_002,2345,75.0,8.333333333333332,0.0
manutd_brighton,h2_chunk_002,2410,75.0,8.333333333333332,0.0
manutd_brighton,h2_chunk_002,2490,85.0,9.444444444444445,0.0
manutd_brighton,h2_chunk_002,5700,90.0,10.0,16.0
manutd_brighton,h2_chunk_002,9710,93.0,10.333333333333332,0.0
manutd_brighton,h2_chunk_002,9745,99.0,11.0,0.0
manutd_brighton,h2_chunk_002,9865,72.0,8.0,0.0
manutd_brighton,h2_chunk_002,9935,71.0,7.888888888888888,0.0
manutd_brighton,h2_chunk_002,10415,110.0,12.222222222222221,0.0
manutd_brighton,h2_chunk_002,10705,70.0,7.777777777777778,0.0
manutd_brighton,h2_chunk_002,10840,91.0,10.11111111111111,0.0
manutd_brighton,h2_chunk_002,11325,81.0,9.0,0.0
manutd_brighton,h2_chunk_002,11390,65.0,7.222222222222221,0.0
manutd_brighton,h2_chunk_002,11570,73.0,8.11111111111111,0.0
manutd_brighton,h2_chunk_002,11705,72.0,8.0,0.0
manutd_brighton,h2_chunk_002,13190,118.0,13.11111111111111,0.0
manutd_brighton,h2_chunk_002,14725,97.0,10.777777777777777,0.0
manutd_brighton,h2_chunk_002,14765,121.0,13.444444444444443,0.0
manutd_brighton,h2_chunk_003,1570,84.0,9.333333333333332,0.0
manutd_brighton,h2_chunk_003,1855,69.0,7.666666666666666,0.0
manutd_brighton,h2_chunk_003,3380,115.0,12.777777777777777,0.0
manutd_brighton,h2_chunk_003,3545,87.0,9.666666666666666,0.0
manutd_brighton,h2_chunk_003,3695,72.0,8.0,0.0
manutd_brighton,h2_chunk_003,4010,77.0,8.555555555555555,0.0
manutd_brighton,h2_chunk_003,4215,70.0,7.777777777777778,0.0
manutd_brighton,h2_chunk_003,4420,77.0,8.555555555555555,0.0
manutd_brighton,h2_chunk_003,4465,86.0,9.555555555555555,0.0
manutd_brighton,h2_chunk_003,4600,70.0,7.777777777777778,0.0
manutd_brighton,h2_chunk_003,4730,67.0,7.444444444444444,0.0
manutd_brighton,h2_chunk_003,4900,67.0,7.444444444444444,0.0
manutd_brighton,h2_chunk_003,5905,81.0,9.0,0.0
manutd_brighton,h2_chunk_003,5960,76.0,8.444444444444445,0.0
manutd_brighton,h2_chunk_003,7395,66.0,7.333333333333333,0.0
manutd_brighton,h2_chunk_003,8340,116.0,12.888888888888888,0.0
manutd_brighton,h2_chunk_003,8545,68.0,7.555555555555555,0.0
manutd_brighton,h2_chunk_003,8755,66.0,7.333333333333333,0.0
manutd_brighton,h2_chunk_003,8895,86.0,9.555555555555555,0.0
manutd_brighton,h2_chunk_003,9015,67.0,7.444444444444444,0.0
manutd_brighton,h2_chunk_003,9245,87.0,9.666666666666666,0.0
manutd_brighton,h2_chunk_003,9345,73.0,8.11111111111111,0.0
manutd_brighton,h2_chunk_003,12790,81.0,9.0,0.0
manutd_brighton,h2_chunk_003,12930,77.0,8.555555555555555,0.0
manutd_brighton,h2_chunk_003,13010,80.0,8.88888888888889,0.0
manutd_brighton,h2_chunk_003,13165,88.0,9.777777777777777,0.0
manutd_brighton,h2_chunk_003,13355,66.0,7.333333333333333,0.0
manutd_brighton,h2_chunk_003,13600,82.0,9.11111111111111,0.0
manutd_brighton,h2_chunk_003,14050,80.0,8.88888888888889,0.0
manutd_brighton,h2_chunk_004,410,99.0,11.0,0.0
manutd_brighton,h2_chunk_004,540,78.0,8.666666666666666,0.0
manutd_brighton,h2_chunk_004,1725,108.0,12.0,0.0
manutd_brighton,h2_chunk_004,1750,107.0,11.888888888888888,0.0
manutd_brighton,h2_chunk_004,1790,108.0,12.0,0.0
manutd_brighton,h2_chunk_004,1820,108.0,12.0,0.0
manutd_brighton,h2_chunk_004,3520,115.0,12.777777777777777,0.0
manutd_brighton,h2_chunk_004,3865,93.0,10.333333333333332,0.0
manutd_brighton,h2_chunk_004,4060,73.0,8.11111111111111,0.0
manutd_brighton,h2_chunk_004,4160,81.0,9.0,0.0
manutd_brighton,h2_chunk_004,4225,77.0,8.555555555555555,0.0
manutd_brighton,h2_chunk_004,5500,114.0,12.666666666666666,0.0
manutd_brighton,h2_chunk_004,5570,112.0,12.444444444444443,0.0
manutd_brighton,h2_chunk_004,6250,95.0,10.555555555555555,0.0
manutd_brighton,h2_chunk_004,6320,94.0,10.444444444444445,0.0
manutd_brighton,h2_chunk_004,7170,92.0,10.222222222222221,0.0
manutd_brighton,h2_chunk_004,8275,100.0,11.11111111111111,0.0
manutd_brighton,h2_chunk_004,8420,90.0,10.0,0.0
manutd_brighton,h2_chunk_004,8690,113.0,12.555555555555555,0.0
manutd_brighton,h2_chunk_004,8810,122.0,13.555555555555555,0.0
manutd_brighton,h2_chunk_004,8845,99.0,11.0,0.0
manutd_brighton,h2_chunk_004,8885,91.0,10.11111111111111,0.0
manutd_brighton,h2_chunk_004,9700,86.0,9.555555555555555,0.0
manutd_brighton,h2_chunk_004,9785,83.0,9.222222222222221,0.0
manutd_brighton,h2_chunk_004,9945,104.0,11.555555555555555,0.0
manutd_brighton,h2_chunk_004,10050,79.0,8.777777777777777,0.0
manutd_brighton,h2_chunk_004,11025,74.0,8.222222222222221,0.0
manutd_brighton,h2_chunk_004,11080,87.0,9.666666666666666,0.0
manutd_brighton,h2_chunk_004,11340,93.0,10.333333333333332,0.0
manutd_brighton,h2_chunk_004,12750,98.0,10.888888888888888,0.0
manutd_brighton,h2_chunk_004,13835,110.0,12.222222222222221,0.0
manutd_brighton,h2_chunk_004,14040,89.0,9.888888888888888,0.0
manutd_brighton,h2_chunk_004,14165,86.0,9.555555555555555,0.0
manutd_brighton,h2_chunk_004,14910,72.0,8.0,0.0
manutd_brighton,h2_chunk_005,155,88.0,9.777777777777777,0.0
manutd_brighton,h2_chunk_005,250,73.0,8.11111111111111,0.0
manutd_brighton,h2_chunk_005,700,73.0,8.11111111111111,0.0
manutd_brighton,h2_chunk_005,1015,78.0,8.666666666666666,0.0
manutd_brighton,h2_chunk_005,1185,71.0,7.888888888888888,0.0
manutd_brighton,h2_chunk_005,3500,101.0,11.222222222222221,0.0
manutd_brighton,h2_chunk_005,3560,99.0,11.0,0.0
manutd_brighton,h2_chunk_005,3595,108.0,12.0,0.0
manutd_brighton,h2_chunk_005,3630,94.0,10.444444444444445,0.0
manutd_brighton,h2_chunk_005,3885,103.0,11.444444444444445,0.0
manutd_brighton,h2_chunk_005,3930,95.0,10.555555555555555,0.0
manutd_brighton,h2_chunk_005,3990,87.0,9.666666666666666,0.0
manutd_liverpool,h1_chunk_000,405,86.0,9.555555555555555,0.0
manutd_liverpool,h1_chunk_000,435,84.0,9.333333333333332,0.0
manutd_liverpool,h1_chunk_000,700,81.0,9.0,0.0
manutd_liverpool,h1_chunk_000,810,78.0,8.666666666666666,0.0
manutd_liverpool,h1_chunk_000,885,109.0,12.11111111111111,0.0
manutd_liverpool,h1_chunk_000,1045,134.0,14.888888888888888,0.0
manutd_liverpool,h1_chunk_000,1130,127.0,14.11111111111111,0.0
manutd_liverpool,h1_chunk_000,1250,89.0,9.888888888888888,0.0
manutd_liverpool,h1_chunk_000,1320,118.0,13.11111111111111,0.0
manutd_liverpool,h1_chunk_000,1455,83.0,9.222222222222221,0.0
manutd_liverpool,h1_chunk_000,1800,76.0,8.444444444444445,0.0
manutd_liverpool,h1_chunk_000,1970,95.0,10.555555555555555,0.0
manutd_liverpool,h1_chunk_000,2065,113.0,12.555555555555555,0.0
manutd_liverpool,h1_chunk_000,2170,120.0,13.333333333333332,0.0
manutd_liverpool,h1_chunk_000,2300,108.0,12.0,0.0
manutd_liverpool,h1_chunk_000,2345,121.0,13.444444444444443,0.0
manutd_liverpool,h1_chunk_000,2530,86.0,9.555555555555555,0.0
manutd_liverpool,h1_chunk_000,2790,73.0,8.11111111111111,0.0
manutd_liverpool,h1_chunk_000,3860,84.0,9.333333333333332,0.0
manutd_liverpool,h1_chunk_000,5125,89.0,9.888888888888888,0.0
manutd_liverpool,h1_chunk_000,5210,76.0,8.444444444444445,0.0
manutd_liverpool,h1_chunk_000,6030,82.0,9.11111111111111,0.0
manutd_liverpool,h1_chunk_000,6955,111.0,12.333333333333332,0.0
manutd_liverpool,h1_chunk_000,7840,88.0,9.777777777777777,0.0
manutd_liverpool,h1_chunk_000,7915,110.0,12.222222222222221,0.0
manutd_liverpool,h1_chunk_000,8480,110.0,12.222222222222221,0.0
manutd_liverpool,h1_chunk_000,9300,93.0,10.333333333333332,0.0
manutd_liverpool,h1_chunk_000,12600,85.0,9.444444444444445,0.0
manutd_liverpool,h1_chunk_000,12645,93.0,10.333333333333332,0.0
manutd_liverpool,h1_chunk_000,12850,109.0,12.11111111111111,0.0
manutd_liverpool,h1_chunk_000,12950,100.0,11.11111111111111,0.0
manutd_liverpool,h1_chunk_000,12960,94.0,10.444444444444445,0.0
manutd_liverpool,h1_chunk_000,13085,110.0,12.222222222222221,16.666666666666668
manutd_liverpool,h1_chunk_000,13135,106.0,11.777777777777777,0.0
manutd_liverpool,h1_chunk_000,13295,105.0,11.666666666666666,0.0
manutd_liverpool,h1_chunk_000,13445,92.0,10.222222222222221,0.0
manutd_liverpool,h1_chunk_000,13505,81.0,9.0,0.0
manutd_liverpool,h1_chunk_000,13640,96.0,10.666666666666666,0.0
manutd_liverpool,h1_chunk_000,13770,94.0,10.444444444444445,0.0
manutd_liverpool,h1_chunk_000,13900,101.0,11.222222222222221,0.0
manutd_liverpool,h1_chunk_000,14085,81.0,9.0,0.0
manutd_liverpool,h1_chunk_000,14150,97.0,10.777777777777777,0.0
manutd_liverpool,h1_chunk_000,14205,121.0,13.444444444444443,0.0
manutd_liverpool,h1_chunk_000,14325,99.0,11.0,0.0
manutd_liverpool,h1_chunk_000,14420,78.0,8.666666666666666,0.0
manutd_liverpool,h1_chunk_000,14530,71.0,7.888888888888888,0.0
manutd_liverpool,h1_chunk_001,3110,93.0,10.333333333333332,0.0
manutd_liverpool,h1_chunk_001,3185,119.0,13.222222222222221,0.0
manutd_liverpool,h1_chunk_001,3225,91.0,10.11111111111111,0.0
manutd_liverpool,h1_chunk_001,3320,78.0,8.666666666666666,0.0
manutd_liverpool,h1_chunk_001,4755,71.0,7.888888888888888,0.0
manutd_liverpool,h1_chunk_001,5320,79.0,8.777777777777777,0.0
manutd_liverpool,h1_chunk_001,5365,73.0,8.11111111111111,0.0
manutd_liverpool,h1_chunk_001,5875,73.0,8.11111111111111,0.0
manutd_liverpool,h1_chunk_001,5955,75.0,8.333333333333332,0.0
manutd_liverpool,h1_chunk_001,6685,74.0,8.222222222222221,0.0
manutd_liverpool,h1_chunk_001,6800,82.0,9.11111111111111,0.0
manutd_liverpool,h1_chunk_001,8035,76.0,8.444444444444445,0.0
manutd_liverpool,h1_chunk_001,8440,128.0,14.222222222222221,0.0
manutd_liverpool,h1_chunk_001,8555,90.0,10.0,0.0
manutd_liverpool,h1_chunk_001,8880,88.0,9.777777777777777,0.0
manutd_liverpool,h1_chunk_001,8955,105.0,11.666666666666666,0.0
manutd_liverpool,h1_chunk_001,9030,122.0,13.555555555555555,9.0
manutd_liverpool,h1_chunk_001,9135,106.0,11.777777777777777,0.0
manutd_liverpool,h1_chunk_001,9430,97.0,10.777777777777777,0.0
manutd_liverpool,h1_chunk_001,10200,99.0,11.0,0.0
manutd_liverpool,h1_chunk_001,10320,78.0,8.666666666666666,0.0
manutd_liverpool,h1_chunk_001,11035,87.0,9.666666666666666,0.0
manutd_liverpool,h1_chunk_001,11130,76.0,8.444444444444445,0.0
manutd_liverpool,h1_chunk_001,11225,87.0,9.666666666666666,0.0
manutd_liverpool,h1_chunk_001,11255,101.0,11.222222222222221,0.0
manutd_liverpool,h1_chunk_001,11340,110.0,12.222222222222221,0.0
manutd_liverpool,h1_chunk_001,11410,86.0,9.555555555555555,0.0
manutd_liverpool,h1_chunk_001,11630,77.0,8.555555555555555,0.0
manutd_liverpool,h1_chunk_001,11725,100.0,11.11111111111111,0.0
manutd_liverpool,h1_chunk_001,11760,119.0,13.222222222222221,0.0
manutd_liverpool,h1_chunk_001,12195,120.0,13.333333333333332,0.0
manutd_liverpool,h1_chunk_001,12825,85.0,9.444444444444445,0.0
manutd_liverpool,h1_chunk_001,13165,79.0,8.777777777777777,0.0
manutd_liverpool,h1_chunk_001,13375,98.0,10.888888888888888,0.0
manutd_liverpool,h1_chunk_001,13710,87.0,9.666666666666666,0.0
manutd_liverpool,h1_chunk_001,13945,80.0,8.88888888888889,0.0
manutd_liverpool,h1_chunk_001,14040,100.0,11.11111111111111,17.0
manutd_liverpool,h1_chunk_001,14390,81.0,9.0,0.0
manutd_liverpool,h1_chunk_002,2360,75.0,8.333333333333332,0.0
manutd_liverpool,h1_chunk_002,3180,90.0,10.0,0.0
manutd_liverpool,h1_chunk_002,3550,72.0,8.0,0.0
manutd_liverpool,h1_chunk_002,3600,78.0,8.666666666666666,0.0
manutd_liverpool,h1_chunk_002,4640,120.0,13.333333333333332,0.0
manutd_liverpool,h1_chunk_002,4810,78.0,8.666666666666666,0.0
manutd_liverpool,h1_chunk_002,4935,120.0,13.333333333333332,0.0
manutd_liverpool,h1_chunk_002,5015,91.0,10.11111111111111,0.0
manutd_liverpool,h1_chunk_002,5320,83.0,9.222222222222221,0.0
manutd_liverpool,h1_chunk_002,6645,123.0,13.666666666666666,0.0
manutd_liverpool,h1_chunk_002,6760,88.0,9.777777777777777,0.0
manutd_liverpool,h1_chunk_002,6880,123.0,13.666666666666666,0.0
manutd_liverpool,h1_chunk_002,7325,97.0,10.777777777777777,0.0
manutd_liverpool,h1_chunk_002,7625,126.0,14.0,0.0
manutd_liverpool,h1_chunk_002,7700,108.0,12.0,0.0
manutd_liverpool,h1_chunk_002,7775,109.0,12.11111111111111,16.666666666666668
manutd_liverpool,h1_chunk_002,7995,99.0,11.0,0.0
manutd_liverpool,h1_chunk_002,8055,100.0,11.11111111111111,0.0
manutd_liverpool,h1_chunk_002,8150,91.0,10.11111111111111,0.0
manutd_liverpool,h1_chunk_002,9305,98.0,10.888888888888888,0.0
manutd_liverpool,h1_chunk_002,9370,95.0,10.555555555555555,0.0
manutd_liverpool,h1_chunk_002,9560,107.0,11.888888888888888,0.0
manutd_liverpool,h1_chunk_002,9620,84.0,9.333333333333332,0.0
manutd_liverpool,h1_chunk_002,9765,78.0,8.666666666666666,0.0
manutd_liverpool,h1_chunk_002,9935,75.0,8.333333333333332,0.0
manutd_liverpool,h1_chunk_002,10090,94.0,10.444444444444445,0.0
manutd_liverpool,h1_chunk_002,10135,81.0,9.0,0.0
manutd_liverpool,h1_chunk_002,10405,84.0,9.333333333333332,0.0
manutd_liverpool,h1_chunk_002,10495,94.0,10.444444444444445,0.0
manutd_liverpool,h1_chunk_002,10650,90.0,10.0,0.0
manutd_liverpool,h1_chunk_002,10850,77.0,8.555555555555555,0.0
manutd_liverpool,h1_chunk_002,10955,89.0,9.888888888888888,0.0
manutd_liverpool,h1_chunk_002,11745,82.0,9.11111111111111,0.0
manutd_liverpool,h1_chunk_002,12285,90.0,10.0,0.0
manutd_liverpool,h1_chunk_002,12495,80.0,8.88888888888889,0.0
manutd_liverpool,h1_chunk_002,12550,79.0,8.777777777777777,0.0
manutd_liverpool,h1_chunk_002,12910,85.0,9.444444444444445,0.0
manutd_liverpool,h1_chunk_002,12955,93.0,10.333333333333332,0.0
manutd_liverpool,h1_chunk_002,13120,79.0,8.777777777777777,0.0
manutd_liverpool,h1_chunk_002,13415,97.0,10.777777777777777,0.0
manutd_liverpool,h1_chunk_002,14235,93.0,10.333333333333332,0.0
manutd_liverpool,h1_chunk_002,14495,112.0,12.444444444444443,0.0
manutd_liverpool,h1_chunk_002,14625,97.0,10.777777777777777,0.0
manutd_liverpool,h1_chunk_002,14735,86.0,9.555555555555555,0.0
manutd_liverpool,h1_chunk_002,14805,95.0,10.555555555555555,0.0
manutd_liverpool,h1_chunk_002,14850,100.0,11.11111111111111,0.0
manutd_liverpool,h1_chunk_003,100,107.0,11.888888888888888,0.0
manutd_liverpool,h1_chunk_003,165,111.0,12.333333333333332,0.0
manutd_liverpool,h1_chunk_003,195,117.0,13.0,0.0
manutd_liverpool,h1_chunk_003,680,78.0,8.666666666666666,0.0
manutd_liverpool,h1_chunk_003,2515,78.0,8.666666666666666,0.0
manutd_liverpool,h1_chunk_003,2825,86.0,9.555555555555555,0.0
manutd_liverpool,h1_chunk_003,3195,100.0,11.11111111111111,0.0
manutd_liverpool,h1_chunk_003,3330,85.0,9.444444444444445,0.0
manutd_liverpool,h1_chunk_003,3395,109.0,12.11111111111111,0.0
manutd_liverpool,h1_chunk_003,4815,89.0,9.888888888888888,0.0
manutd_liverpool,h1_chunk_003,5015,84.0,9.333333333333332,0.0
manutd_liverpool,h1_chunk_003,6585,82.0,9.11111111111111,0.0
manutd_liverpool,h1_chunk_003,6615,78.0,8.666666666666666,0.0
manutd_liverpool,h1_chunk_003,9285,88.0,9.777777777777777,0.0
manutd_liverpool,h1_chunk_003,10000,105.0,11.666666666666666,0.0
manutd_liverpool,h1_chunk_003,10435,91.0,10.11111111111111,0.0
manutd_liverpool,h1_chunk_003,10745,80.0,8.88888888888889,0.0
manutd_liverpool,h1_chunk_003,10860,96.0,10.666666666666666,0.0
manutd_liverpool,h1_chunk_003,11055,88.0,9.777777777777777,0.0
manutd_liverpool,h1_chunk_003,11380,89.0,9.888888888888888,0.0
manutd_liverpool,h1_chunk_003,11595,91.0,10.11111111111111,0.0
manutd_liverpool,h1_chunk_003,11670,99.0,11.0,0.0
manutd_liverpool,h1_chunk_003,11890,107.0,11.888888888888888,0.0
manutd_liverpool,h1_chunk_003,13615,82.0,9.11111111111111,0.0
manutd_liverpool,h1_chunk_003,13905,84.0,9.333333333333332,0.0
manutd_liverpool,h1_chunk_003,14455,85.0,9.444444444444445,0.0
manutd_liverpool,h1_chunk_003,14865,110.0,12.222222222222221,0.0
manutd_liverpool,h1_chunk_004,2095,94.0,10.444444444444445,0.0
manutd_liverpool,h1_chunk_004,2280,95.0,10.555555555555555,0.0
manutd_liverpool,h1_chunk_004,2440,126.0,14.0,0.0
manutd_liverpool,h1_chunk_004,2575,106.0,11.777777777777777,0.0
manutd_liverpool,h1_chunk_004,2675,99.0,11.0,0.0
manutd_liverpool,h1_chunk_004,2785,105.0,11.666666666666666,0.0
manutd_liverpool,h1_chunk_004,5620,87.0,9.666666666666666,0.0
manutd_liverpool,h1_chunk_004,5690,80.0,8.88888888888889,0.0
manutd_liverpool,h1_chunk_004,5835,99.0,11.0,0.0
manutd_liverpool,h1_chunk_004,7175,77.0,8.555555555555555,0.0
manutd_liverpool,h1_chunk_004,7880,79.0,8.777777777777777,0.0
manutd_liverpool,h1_chunk_004,8095,84.0,9.333333333333332,0.0
manutd_liverpool,h1_chunk_004,8450,106.0,11.777777777777777,0.0
manutd_liverpool,h1_chunk_004,8930,101.0,11.222222222222221,0.0
manutd_liverpool,h1_chunk_004,9845,86.0,9.555555555555555,0.0
manutd_liverpool,h1_chunk_004,9920,76.0,8.444444444444445,0.0
manutd_liverpool,h1_chunk_004,10800,97.0,10.777777777777777,0.0
manutd_liverpool,h1_chunk_004,10885,79.0,8.777777777777777,0.0
manutd_liverpool,h1_chunk_004,11020,76.0,8.444444444444445,0.0
manutd_liverpool,h1_chunk_004,11080,88.0,9.777777777777777,0.0
manutd_liverpool,h1_chunk_004,11995,77.0,8.555555555555555,0.0
manutd_liverpool,h1_chunk_004,13020,94.0,10.444444444444445,0.0
manutd_liverpool,h1_chunk_004,13060,129.0,14.333333333333332,0.0
manutd_liverpool,h2_chunk_000,35,81.0,9.0,0.0
manutd_liverpool,h2_chunk_000,190,70.0,7.777777777777778,0.0
manutd_liverpool,h2_chunk_000,670,95.0,10.555555555555555,0.0
manutd_liverpool,h2_chunk_000,1685,95.0,10.555555555555555,0.0
manutd_liverpool,h2_chunk_000,1735,86.0,9.555555555555555,0.0
manutd_liverpool,h2_chunk_000,1835,90.0,10.0,0.0
manutd_liverpool,h2_chunk_000,2850,88.0,9.777777777777777,0.0
manutd_liverpool,h2_chunk_000,10185,85.0,9.444444444444445,0.0
manutd_liverpool,h2_chunk_000,10450,90.0,10.0,0.0
manutd_liverpool,h2_chunk_000,10660,96.0,10.666666666666666,0.0
manutd_liverpool,h2_chunk_000,10750,97.0,10.777777777777777,0.0
manutd_liverpool,h2_chunk_000,10955,111.0,12.333333333333332,0.0
manutd_liverpool,h2_chunk_000,11110,79.0,8.777777777777777,0.0
manutd_liverpool,h2_chunk_000,11170,93.0,10.333333333333332,0.0
manutd_liverpool,h2_chunk_000,11360,81.0,9.0,0.0
manutd_liverpool,h2_chunk_000,11635,88.0,9.777777777777777,0.0
manutd_liverpool,h2_chunk_000,11700,75.0,8.333333333333332,0.0
manutd_liverpool,h2_chunk_000,11950,79.0,8.777777777777777,0.0
manutd_liverpool,h2_chunk_000,12195,83.0,9.222222222222221,0.0
manutd_liverpool,h2_chunk_000,13040,69.0,7.666666666666666,0.0
manutd_liverpool,h2_chunk_000,13640,87.0,9.666666666666666,0.0
manutd_liverpool,h2_chunk_000,13900,92.0,10.222222222222221,0.0
manutd_liverpool,h2_chunk_000,14025,86.0,9.555555555555555,0.0
manutd_liverpool,h2_chunk_000,14545,89.0,9.888888888888888,0.0
manutd_liverpool,h2_chunk_000,14855,105.0,11.666666666666666,0.0
manutd_liverpool,h2_chunk_000,14915,122.0,13.555555555555555,0.0
manutd_liverpool,h2_chunk_001,205,104.0,11.555555555555555,0.0
manutd_liverpool,h2_chunk_001,320,122.0,13.555555555555555,0.0
manutd_liverpool,h2_chunk_001,390,91.0,10.11111111111111,0.0
manutd_liverpool,h2_chunk_001,1250,80.0,8.88888888888889,0.0
manutd_liverpool,h2_chunk_001,1550,77.0,8.555555555555555,0.0
manutd_liverpool,h2_chunk_001,3130,82.0,9.11111111111111,0.0
manutd_liverpool,h2_chunk_001,3275,79.0,8.777777777777777,0.0
manutd_liverpool,h2_chunk_001,3370,86.0,9.555555555555555,0.0
manutd_liverpool,h2_chunk_001,5665,92.0,10.222222222222221,0.0
manutd_liverpool,h2_chunk_001,5880,95.0,10.555555555555555,0.0
manutd_liverpool,h2_chunk_001,6370,112.0,12.444444444444443,0.0
manutd_liverpool,h2_chunk_001,6410,113.0,12.555555555555555,0.0
manutd_liverpool,h2_chunk_001,6445,107.0,11.888888888888888,0.0
manutd_liverpool,h2_chunk_001,8365,100.0,11.11111111111111,0.0
manutd_liverpool,h2_chunk_001,8420,125.0,13.888888888888888,0.0
manutd_liverpool,h2_chunk_001,9280,117.0,13.0,0.0
manutd_liverpool,h2_chunk_001,9355,125.0,13.888888888888888,22.666666666666668
manutd_liverpool,h2_chunk_001,9415,100.0,11.11111111111111,0.0
manutd_liverpool,h2_chunk_001,9450,109.0,12.11111111111111,0.0
manutd_liverpool,h2_chunk_001,9555,90.0,10.0,0.0
manutd_liverpool,h2_chunk_001,9610,81.0,9.0,0.0
manutd_liverpool,h2_chunk_001,9870,109.0,12.11111111111111,0.0
manutd_liverpool,h2_chunk_001,10100,90.0,10.0,0.0
manutd_liverpool,h2_chunk_001,11110,86.0,9.555555555555555,0.0
manutd_liverpool,h2_chunk_001,11215,96.0,10.666666666666666,0.0
manutd_liverpool,h2_chunk_001,12100,84.0,9.333333333333332,19.333333333333332
manutd_liverpool,h2_chunk_001,12550,73.0,8.11111111111111,0.0
manutd_liverpool,h2_chunk_001,12655,80.0,8.88888888888889,0.0
manutd_liverpool,h2_chunk_001,12700,82.0,9.11111111111111,0.0
manutd_liverpool,h2_chunk_001,12750,81.0,9.0,0.0
manutd_liverpool,h2_chunk_001,13010,76.0,8.444444444444445,0.0
manutd_liverpool,h2_chunk_001,13135,90.0,10.0,0.0
manutd_liverpool,h2_chunk_001,13580,77.0,8.555555555555555,0.0
manutd_liverpool,h2_chunk_001,14290,74.0,8.222222222222221,0.0
manutd_liverpool,h2_chunk_001,14485,101.0,11.222222222222221,0.0
manutd_liverpool,h2_chunk_001,14580,79.0,8.777777777777777,0.0
manutd_liverpool,h2_chunk_001,14850,78.0,8.666666666666666,0.0
manutd_liverpool,h2_chunk_002,635,82.0,9.11111111111111,0.0
manutd_liverpool,h2_chunk_002,3770,96.0,10.666666666666666,0.0
manutd_liverpool,h2_chunk_002,3805,99.0,11.0,0.0
manutd_liverpool,h2_chunk_002,3980,106.0,11.777777777777777,0.0
manutd_liverpool,h2_chunk_002,4225,88.0,9.777777777777777,0.0
manutd_liverpool,h2_chunk_002,5795,127.0,14.11111111111111,0.0
manutd_liverpool,h2_chunk_002,6460,108.0,12.0,0.0
manutd_liverpool,h2_chunk_002,6495,92.0,10.222222222222221,0.0
manutd_liverpool,h2_chunk_002,10005,95.0,10.555555555555555,0.0
manutd_liverpool,h2_chunk_002,10080,85.0,9.444444444444445,0.0
manutd_liverpool,h2_chunk_002,10595,92.0,10.222222222222221,0.0
manutd_liverpool,h2_chunk_002,11255,91.0,10.11111111111111,0.0
manutd_liverpool,h2_chunk_002,11370,97.0,10.777777777777777,0.0
manutd_liverpool,h2_chunk_002,11790,73.0,8.11111111111111,0.0
manutd_liverpool,h2_chunk_002,11940,90.0,10.0,0.0
manutd_liverpool,h2_chunk_002,12045,110.0,12.222222222222221,0.0
manutd_liverpool,h2_chunk_002,12180,108.0,12.0,0.0
manutd_liverpool,h2_chunk_002,12265,86.0,9.555555555555555,0.0
manutd_liverpool,h2_chunk_002,12360,80.0,8.88888888888889,0.0
manutd_liverpool,h2_chunk_002,13290,83.0,9.222222222222221,0.0
manutd_liverpool,h2_chunk_002,14840,86.0,9.555555555555555,0.0
manutd_liverpool,h2_chunk_003,965,107.0,11.888888888888888,0.0
manutd_liverpool,h2_chunk_003,1000,117.0,13.0,0.0
manutd_liverpool,h2_chunk_003,1060,119.0,13.222222222222221,0.0
manutd_liverpool,h2_chunk_003,1180,91.0,10.11111111111111,0.0
manutd_liverpool,h2_chunk_003,1580,79.0,8.777777777777777,0.0
manutd_liverpool,h2_chunk_003,3870,79.0,8.777777777777777,0.0
manutd_liverpool,h2_chunk_003,3925,85.0,9.444444444444445,0.0
manutd_liverpool,h2_chunk_003,3950,82.0,9.11111111111111,0.0
manutd_liverpool,h2_chunk_003,4255,104.0,11.555555555555555,0.0
manutd_liverpool,h2_chunk_003,4365,132.0,14.666666666666666,0.0
manutd_liverpool,h2_chunk_003,4450,118.0,13.11111111111111,0.0
manutd_liverpool,h2_chunk_003,4505,106.0,11.777777777777777,0.0
manutd_liverpool,h2_chunk_003,4640,89.0,9.888888888888888,0.0
manutd_liverpool,h2_chunk_003,4715,79.0,8.777777777777777,0.0
manutd_liverpool,h2_chunk_003,5460,88.0,9.777777777777777,0.0
manutd_liverpool,h2_chunk_003,5775,114.0,12.666666666666666,0.0
manutd_liverpool,h2_chunk_003,5870,129.0,14.333333333333332,0.0
manutd_liverpool,h2_chunk_003,5975,122.0,13.555555555555555,0.0
manutd_liverpool,h2_chunk_003,6105,109.0,12.11111111111111,0.0
manutd_liverpool,h2_chunk_003,6150,107.0,11.888888888888888,0.0
manutd_liverpool,h2_chunk_003,6235,113.0,12.555555555555555,0.0
manutd_liverpool,h2_chunk_003,7375,114.0,12.666666666666666,0.0
manutd_liverpool,h2_chunk_003,7425,117.0,13.0,0.0
manutd_liverpool,h2_chunk_003,7475,95.0,10.555555555555555,0.0
manutd_liverpool,h2_chunk_003,7550,87.0,9.666666666666666,0.0
manutd_liverpool,h2_chunk_003,7900,83.0,9.222222222222221,0.0
manutd_liverpool,h2_chunk_003,7970,84.0,9.333333333333332,0.0
manutd_liverpool,h2_chunk_003,8115,96.0,10.666666666666666,0.0
manutd_liverpool,h2_chunk_003,8230,82.0,9.11111111111111,0.0
manutd_liverpool,h2_chunk_003,8405,79.0,8.777777777777777,0.0
manutd_liverpool,h2_chunk_003,8605,102.0,11.333333333333332,0.0
manutd_liverpool,h2_chunk_003,8645,88.0,9.777777777777777,0.0
manutd_liverpool,h2_chunk_003,9950,77.0,8.555555555555555,0.0
manutd_liverpool,h2_chunk_003,10010,87.0,9.666666666666666,0.0
manutd_liverpool,h2_chunk_003,10045,96.0,10.666666666666666,0.0
manutd_liverpool,h2_chunk_003,10360,76.0,8.444444444444445,0.0
manutd_liverpool,h2_chunk_003,10415,76.0,8.444444444444445,0.0
manutd_liverpool,h2_chunk_003,10470,78.0,8.666666666666666,0.0
manutd_liverpool,h2_chunk_003,10510,86.0,9.555555555555555,0.0
manutd_liverpool,h2_chunk_003,11020,74.0,8.222222222222221,0.0
manutd_liverpool,h2_chunk_003,12415,80.0,8.88888888888889,0.0
manutd_liverpool,h2_chunk_003,12570,103.0,11.444444444444445,0.0
manutd_liverpool,h2_chunk_003,13260,96.0,10.666666666666666,0.0
manutd_liverpool,h2_chunk_003,13495,82.0,9.11111111111111,0.0
manutd_liverpool,h2_chunk_003,13700,90.0,10.0,0.0
manutd_liverpool,h2_chunk_004,315,90.0,10.0,0.0
manutd_liverpool,h2_chunk_004,565,90.0,10.0,0.0
manutd_liverpool,h2_chunk_004,830,76.0,8.444444444444445,0.0
manutd_liverpool,h2_chunk_004,1605,93.0,10.333333333333332,0.0
manutd_liverpool,h2_chunk_004,1730,78.0,8.666666666666666,0.0
manutd_liverpool,h2_chunk_004,1790,75.0,8.333333333333332,0.0
manutd_liverpool,h2_chunk_004,2305,81.0,9.0,0.0
manutd_liverpool,h2_chunk_004,2965,97.0,10.777777777777777,0.0
manutd_liverpool,h2_chunk_004,4160,90.0,10.0,0.0
manutd_liverpool,h2_chunk_004,4915,77.0,8.555555555555555,0.0
manutd_liverpool,h2_chunk_004,5135,80.0,8.88888888888889,0.0
manutd_liverpool,h2_chunk_004,6125,114.0,12.666666666666666,0.0
manutd_liverpool,h2_chunk_004,6205,132.0,14.666666666666666,0.0
manutd_liverpool,h2_chunk_004,6355,101.0,11.222222222222221,0.0
manutd_liverpool,h2_chunk_004,6440,84.0,9.333333333333332,0.0
manutd_liverpool,h2_chunk_004,6580,85.0,9.444444444444445,0.0
manutd_liverpool,h2_chunk_004,6730,116.0,12.888888888888888,0.0
manutd_liverpool,h2_chunk_004,7835,76.0,8.444444444444445,0.0
manutd_liverpool,h2_chunk_004,7890,80.0,8.88888888888889,0.0
manutd_liverpool,h2_chunk_004,7915,85.0,9.444444444444445,0.0
manutd_liverpool,h2_chunk_004,7975,85.0,9.444444444444445,0.0
manutd_liverpool,h2_chunk_004,8265,101.0,11.222222222222221,0.0
manutd_liverpool,h2_chunk_004,10595,112.0,12.444444444444443,0.0
manutd_liverpool,h2_chunk_004,13005,86.0,9.555555555555555,0.0
manutd_liverpool,h2_chunk_004,13375,74.0,8.222222222222221,0.0
manutd_liverpool,h2_chunk_004,13430,80.0,8.88888888888889,0.0
manutd_liverpool,h2_chunk_004,13570,96.0,10.666666666666666,0.0
manutd_liverpool,h2_chunk_004,13865,81.0,9.0,0.0
manutd_liverpool,h2_chunk_004,13935,82.0,9.11111111111111,0.0
manutd_liverpool,h2_chunk_004,14025,82.0,9.11111111111111,0.0
manutd_liverpool,h2_chunk_005,750,84.0,9.333333333333332,15.333333333333334
manutd_liverpool,h2_chunk_005,795,80.0,8.88888888888889,0.0
manutd_liverpool,h2_chunk_005,855,95.0,10.555555555555555,0.0
manutd_liverpool,h2_chunk_005,1090,84.0,9.333333333333332,0.0
manutd_liverpool,h2_chunk_005,1285,82.0,9.11111111111111,0.0
manutd_liverpool,h2_chunk_005,1410,88.0,9.777777777777777,0.0
manutd_liverpool,h2_chunk_005,1490,90.0,10.0,0.0
manutd_liverpool,h2_chunk_005,2005,95.0,10.555555555555555,0.0
manutd_liverpool,h2_chunk_005,2150,86.0,9.555555555555555,0.0
manutd_liverpool,h2_chunk_005,2205,77.0,8.555555555555555,0.0
manutd_liverpool,h2_chunk_005,2240,83.0,9.222222222222221,0.0
manutd_liverpool,h2_chunk_005,2315,75.0,8.333333333333332,0.0
manutd_liverpool,h2_chunk_005,2390,77.0,8.555555555555555,0.0
manutd_liverpool,h2_chunk_005,2440,85.0,9.444444444444445,0.0
manutd_liverpool,h2_chunk_005,2630,77.0,8.555555555555555,0.0
manutd_liverpool,h2_chunk_005,2660,75.0,8.333333333333332,0.0
manutd_tottenham,h1_chunk_000,640,88.0,9.777777777777777,0.0
manutd_tottenham,h1_chunk_000,1980,100.0,11.11111111111111,0.0
manutd_tottenham,h1_chunk_000,2180,80.0,8.88888888888889,0.0
manutd_tottenham,h1_chunk_000,2355,74.0,8.222222222222221,0.0
manutd_tottenham,h1_chunk_000,2470,76.0,8.444444444444445,0.0
manutd_tottenham,h1_chunk_000,2670,103.0,11.444444444444445,0.0
manutd_tottenham,h1_chunk_000,2840,98.0,10.888888888888888,0.0
manutd_tottenham,h1_chunk_000,2890,96.0,10.666666666666666,0.0
manutd_tottenham,h1_chunk_000,2965,81.0,9.0,0.0
manutd_tottenham,h1_chunk_000,3130,83.0,9.222222222222221,0.0
manutd_tottenham,h1_chunk_000,3390,84.0,9.333333333333332,0.0
manutd_tottenham,h1_chunk_000,3640,83.0,9.222222222222221,0.0
manutd_tottenham,h1_chunk_000,6300,102.0,11.333333333333332,0.0
manutd_tottenham,h1_chunk_000,6475,106.0,11.777777777777777,0.0
manutd_tottenham,h1_chunk_000,7510,72.0,8.0,0.0
manutd_tottenham,h1_chunk_000,7550,77.0,8.555555555555555,0.0
manutd_tottenham,h1_chunk_000,8910,88.0,9.777777777777777,0.0
manutd_tottenham,h1_chunk_000,9155,97.0,10.777777777777777,0.0
manutd_tottenham,h1_chunk_000,9420,76.0,8.444444444444445,0.0
manutd_tottenham,h1_chunk_000,9695,90.0,10.0,0.0
manutd_tottenham,h1_chunk_000,10800,72.0,8.0,0.0
manutd_tottenham,h1_chunk_000,10845,73.0,8.11111111111111,0.0
manutd_tottenham,h1_chunk_000,12360,92.0,10.222222222222221,0.0
manutd_tottenham,h1_chunk_000,12415,87.0,9.666666666666666,0.0
manutd_tottenham,h1_chunk_000,13010,74.0,8.222222222222221,0.0
manutd_tottenham,h1_chunk_000,13350,70.0,7.777777777777778,0.0
manutd_tottenham,h1_chunk_000,13585,74.0,8.222222222222221,0.0
manutd_tottenham,h1_chunk_001,535,103.0,11.444444444444445,0.0
manutd_tottenham,h1_chunk_001,765,79.0,8.777777777777777,0.0
manutd_tottenham,h1_chunk_001,2335,86.0,9.555555555555555,0.0
manutd_tottenham,h1_chunk_001,2360,91.0,10.11111111111111,0.0
manutd_tottenham,h1_chunk_001,2485,86.0,9.555555555555555,0.0
manutd_tottenham,h1_chunk_001,3755,84.0,9.333333333333332,0.0
manutd_tottenham,h1_chunk_001,3965,98.0,10.888888888888888,0.0
manutd_tottenham,h1_chunk_001,4065,100.0,11.11111111111111,0.0
manutd_tottenham,h1_chunk_001,4680,80.0,8.88888888888889,0.0
manutd_tottenham,h1_chunk_001,4760,86.0,9.555555555555555,0.0
manutd_tottenham,h1_chunk_001,5555,125.0,13.888888888888888,0.0
manutd_tottenham,h1_chunk_001,5630,113.0,12.555555555555555,0.0
manutd_tottenham,h1_chunk_001,5945,100.0,11.11111111111111,0.0
manutd_tottenham,h1_chunk_001,6125,94.0,10.444444444444445,0.0
manutd_tottenham,h1_chunk_001,6165,117.0,13.0,0.0
manutd_tottenham,h1_chunk_001,6750,85.0,9.444444444444445,0.0
manutd_tottenham,h1_chunk_001,7350,124.0,13.777777777777777,0.0
manutd_tottenham,h1_chunk_001,7405,111.0,12.333333333333332,0.0
manutd_tottenham,h1_chunk_001,7450,80.0,8.88888888888889,0.0
manutd_tottenham,h1_chunk_001,7515,90.0,10.0,0.0
manutd_tottenham,h1_chunk_001,7910,114.0,12.666666666666666,0.0
manutd_tottenham,h1_chunk_001,7960,98.0,10.888888888888888,0.0
manutd_tottenham,h1_chunk_001,8025,77.0,8.555555555555555,0.0
manutd_tottenham,h1_chunk_001,8065,87.0,9.666666666666666,0.0
manutd_tottenham,h1_chunk_001,8175,91.0,10.11111111111111,0.0
manutd_tottenham,h1_chunk_001,9845,102.0,11.333333333333332,0.0
manutd_tottenham,h1_chunk_001,10380,77.0,8.555555555555555,0.0
manutd_tottenham,h1_chunk_001,11640,102.0,11.333333333333332,0.0
manutd_tottenham,h1_chunk_001,11775,81.0,9.0,0.0
manutd_tottenham,h1_chunk_001,11975,122.0,13.555555555555555,0.0
manutd_tottenham,h1_chunk_001,12185,90.0,10.0,0.0
manutd_tottenham,h1_chunk_001,12305,88.0,9.777777777777777,0.0
manutd_tottenham,h1_chunk_001,12380,77.0,8.555555555555555,0.0
manutd_tottenham,h1_chunk_001,13190,81.0,9.0,0.0
manutd_tottenham,h1_chunk_001,13430,77.0,8.555555555555555,0.0
manutd_tottenham,h1_chunk_001,13740,94.0,10.444444444444445,0.0
manutd_tottenham,h1_chunk_001,13835,73.0,8.11111111111111,0.0
manutd_tottenham,h1_chunk_001,14180,110.0,12.222222222222221,0.0
manutd_tottenham,h1_chunk_002,2870,111.0,12.333333333333332,0.0
manutd_tottenham,h1_chunk_002,2910,100.0,11.11111111111111,0.0
manutd_tottenham,h1_chunk_002,3675,112.0,12.444444444444443,0.0
manutd_tottenham,h1_chunk_002,3710,99.0,11.0,0.0
manutd_tottenham,h1_chunk_002,4065,96.0,10.666666666666666,0.0
manutd_tottenham,h1_chunk_002,4175,112.0,12.444444444444443,0.0
manutd_tottenham,h1_chunk_002,4190,106.0,11.777777777777777,0.0
manutd_tottenham,h1_chunk_002,5735,96.0,10.666666666666666,0.0
manutd_tottenham,h1_chunk_002,6020,76.0,8.444444444444445,0.0
manutd_tottenham,h1_chunk_002,6145,105.0,11.666666666666666,0.0
manutd_tottenham,h1_chunk_002,6215,103.0,11.444444444444445,0.0
manutd_tottenham,h1_chunk_002,6270,114.0,12.666666666666666,0.0
manutd_tottenham,h1_chunk_002,6765,107.0,11.888888888888888,0.0
manutd_tottenham,h1_chunk_002,8335,110.0,12.222222222222221,0.0
manutd_tottenham,h1_chunk_002,8450,78.0,8.666666666666666,0.0
manutd_tottenham,h1_chunk_002,8500,75.0,8.333333333333332,0.0
manutd_tottenham,h1_chunk_002,8555,82.0,9.11111111111111,0.0
manutd_tottenham,h1_chunk_002,8640,73.0,8.11111111111111,0.0
manutd_tottenham,h1_chunk_002,8725,73.0,8.11111111111111,0.0
manutd_tottenham,h1_chunk_002,8885,85.0,9.444444444444445,0.0
manutd_tottenham,h1_chunk_002,9270,73.0,8.11111111111111,0.0
manutd_tottenham,h1_chunk_002,10170,83.0,9.222222222222221,0.0
manutd_tottenham,h1_chunk_002,10450,97.0,10.777777777777777,0.0
manutd_tottenham,h1_chunk_002,10580,75.0,8.333333333333332,0.0
manutd_tottenham,h1_chunk_002,11230,99.0,11.0,0.0
manutd_tottenham,h1_chunk_002,11680,90.0,10.0,0.0
manutd_tottenham,h1_chunk_002,12075,118.0,13.11111111111111,0.0
manutd_tottenham,h1_chunk_002,12580,83.0,9.222222222222221,0.0
manutd_tottenham,h1_chunk_002,12660,111.0,12.333333333333332,0.0
manutd_tottenham,h1_chunk_002,12795,78.0,8.666666666666666,0.0
manutd_tottenham,h1_chunk_002,12900,85.0,9.444444444444445,0.0
manutd_tottenham,h1_chunk_002,13455,71.0,7.888888888888888,0.0
manutd_tottenham,h1_chunk_002,13665,77.0,8.555555555555555,0.0
manutd_tottenham,h1_chunk_003,1075,78.0,8.666666666666666,0.0
manutd_tottenham,h1_chunk_003,1120,83.0,9.222222222222221,0.0
manutd_tottenham,h1_chunk_003,1435,111.0,12.333333333333332,0.0
manutd_tottenham,h1_chunk_003,1640,95.0,10.555555555555555,0.0
manutd_tottenham,h1_chunk_003,1850,90.0,10.0,0.0
manutd_tottenham,h1_chunk_003,2535,120.0,13.333333333333332,0.0
manutd_tottenham,h1_chunk_003,2605,121.0,13.444444444444443,0.0
manutd_tottenham,h1_chunk_003,2695,97.0,10.777777777777777,0.0
manutd_tottenham,h1_chunk_003,2835,110.0,12.222222222222221,0.0
manutd_tottenham,h1_chunk_003,2875,98.0,10.888888888888888,0.0
manutd_tottenham,h1_chunk_003,4725,113.0,12.555555555555555,0.0
manutd_tottenham,h1_chunk_003,6340,79.0,8.777777777777777,0.0
manutd_tottenham,h1_chunk_003,7060,78.0,8.666666666666666,0.0
manutd_tottenham,h1_chunk_003,7120,78.0,8.666666666666666,0.0
manutd_tottenham,h1_chunk_003,8000,95.0,10.555555555555555,0.0
manutd_tottenham,h1_chunk_003,8100,80.0,8.88888888888889,0.0
manutd_tottenham,h1_chunk_003,8220,73.0,8.11111111111111,0.0
manutd_tottenham,h1_chunk_003,8410,80.0,8.88888888888889,0.0
manutd_tottenham,h1_chunk_003,8520,92.0,10.222222222222221,0.0
manutd_tottenham,h1_chunk_003,8890,98.0,10.888888888888888,0.0
manutd_tottenham,h1_chunk_003,9005,121.0,13.444444444444443,0.0
manutd_tottenham,h1_chunk_003,9135,102.0,11.333333333333332,17.333333333333332
manutd_tottenham,h1_chunk_003,9585,106.0,11.777777777777777,0.0
manutd_tottenham,h1_chunk_003,9875,85.0,9.444444444444445,0.0
manutd_tottenham,h1_chunk_003,9950,71.0,7.888888888888888,0.0
manutd_tottenham,h1_chunk_003,11770,75.0,8.333333333333332,0.0
manutd_tottenham,h1_chunk_003,12785,85.0,9.444444444444445,0.0
manutd_tottenham,h1_chunk_003,14715,90.0,10.0,0.0
manutd_tottenham,h1_chunk_004,585,97.0,10.777777777777777,0.0
manutd_tottenham,h1_chunk_004,660,103.0,11.444444444444445,0.0
manutd_tottenham,h1_chunk_004,700,103.0,11.444444444444445,0.0
manutd_tottenham,h1_chunk_004,775,95.0,10.555555555555555,0.0
manutd_tottenham,h1_chunk_004,1465,80.0,8.88888888888889,0.0
manutd_tottenham,h1_chunk_004,1575,82.0,9.11111111111111,0.0
manutd_tottenham,h1_chunk_004,6215,83.0,9.222222222222221,0.0
manutd_tottenham,h1_chunk_004,6375,122.0,13.555555555555555,0.0
manutd_tottenham,h1_chunk_004,6405,128.0,14.222222222222221,0.0
manutd_tottenham,h1_chunk_004,6605,90.0,10.0,0.0
manutd_tottenham,h1_chunk_004,6730,100.0,11.11111111111111,0.0
manutd_tottenham,h1_chunk_004,7380,85.0,9.444444444444445,0.0
manutd_tottenham,h1_chunk_004,7555,118.0,13.11111111111111,0.0
manutd_tottenham,h1_chunk_004,7595,112.0,12.444444444444443,0.0
manutd_tottenham,h1_chunk_004,7710,115.0,12.777777777777777,0.0
manutd_tottenham,h1_chunk_004,7775,95.0,10.555555555555555,0.0
manutd_tottenham,h1_chunk_004,7990,86.0,9.555555555555555,0.0
manutd_tottenham,h1_chunk_004,8095,78.0,8.666666666666666,0.0
manutd_tottenham,h1_chunk_004,8130,78.0,8.666666666666666,0.0
manutd_tottenham,h1_chunk_004,8970,75.0,8.333333333333332,0.0
manutd_tottenham,h1_chunk_004,9950,94.0,10.444444444444445,0.0
manutd_tottenham,h1_chunk_004,10090,84.0,9.333333333333332,0.0
manutd_tottenham,h1_chunk_004,10175,93.0,10.333333333333332,0.0
manutd_tottenham,h1_chunk_004,10550,74.0,8.222222222222221,0.0
manutd_tottenham,h1_chunk_004,10780,92.0,10.222222222222221,0.0
manutd_tottenham,h1_chunk_004,11020,87.0,9.666666666666666,0.0
manutd_tottenham,h1_chunk_004,11290,84.0,9.333333333333332,0.0
manutd_tottenham,h1_chunk_004,11730,126.0,14.0,0.0
manutd_tottenham,h1_chunk_004,11825,96.0,10.666666666666666,0.0
manutd_tottenham,h1_chunk_004,11860,93.0,10.333333333333332,0.0
manutd_tottenham,h1_chunk_004,11980,97.0,10.777777777777777,0.0
manutd_tottenham,h1_chunk_004,13080,85.0,9.444444444444445,0.0
manutd_tottenham,h2_chunk_000,125,92.0,10.222222222222221,0.0
manutd_tottenham,h2_chunk_000,170,81.0,9.0,0.0
manutd_tottenham,h2_chunk_000,275,83.0,9.222222222222221,0.0
manutd_tottenham,h2_chunk_000,400,81.0,9.0,0.0
manutd_tottenham,h2_chunk_000,465,78.0,8.666666666666666,0.0
manutd_tottenham,h2_chunk_000,610,82.0,9.11111111111111,0.0
manutd_tottenham,h2_chunk_000,2450,76.0,8.444444444444445,0.0
manutd_tottenham,h2_chunk_000,2775,73.0,8.11111111111111,0.0
manutd_tottenham,h2_chunk_000,2870,73.0,8.11111111111111,0.0
manutd_tottenham,h2_chunk_000,2950,82.0,9.11111111111111,0.0
manutd_tottenham,h2_chunk_000,3085,96.0,10.666666666666666,0.0
manutd_tottenham,h2_chunk_000,3550,80.0,8.88888888888889,0.0
manutd_tottenham,h2_chunk_000,3960,75.0,8.333333333333332,7.333333333333333
manutd_tottenham,h2_chunk_000,4100,85.0,9.444444444444445,0.0
manutd_tottenham,h2_chunk_000,4165,75.0,8.333333333333332,0.0
manutd_tottenham,h2_chunk_000,4255,74.0,8.222222222222221,0.0
manutd_tottenham,h2_chunk_000,4305,85.0,9.444444444444445,0.0
manutd_tottenham,h2_chunk_000,7905,89.0,9.888888888888888,0.0
manutd_tottenham,h2_chunk_000,8055,90.0,10.0,0.0
manutd_tottenham,h2_chunk_000,8275,127.0,14.11111111111111,0.0
manutd_tottenham,h2_chunk_000,8415,83.0,9.222222222222221,0.0
manutd_tottenham,h2_chunk_000,8950,94.0,10.444444444444445,0.0
manutd_tottenham,h2_chunk_000,9100,86.0,9.555555555555555,0.0
manutd_tottenham,h2_chunk_000,9230,91.0,10.11111111111111,0.0
manutd_tottenham,h2_chunk_000,9290,77.0,8.555555555555555,0.0
manutd_tottenham,h2_chunk_000,9645,80.0,8.88888888888889,0.0
manutd_tottenham,h2_chunk_000,9770,76.0,8.444444444444445,0.0
manutd_tottenham,h2_chunk_000,10260,79.0,8.777777777777777,0.0
manutd_tottenham,h2_chunk_000,10440,101.0,11.222222222222221,0.0
manutd_tottenham,h2_chunk_000,10505,83.0,9.222222222222221,0.0
manutd_tottenham,h2_chunk_000,10570,76.0,8.444444444444445,0.0
manutd_tottenham,h2_chunk_000,10750,74.0,8.222222222222221,0.0
manutd_tottenham,h2_chunk_000,12025,99.0,11.0,0.0
manutd_tottenham,h2_chunk_000,12345,77.0,8.555555555555555,0.0
manutd_tottenham,h2_chunk_000,14055,95.0,10.555555555555555,0.0
manutd_tottenham,h2_chunk_001,420,97.0,10.777777777777777,0.0
manutd_tottenham,h2_chunk_001,2015,95.0,10.555555555555555,0.0
manutd_tottenham,h2_chunk_001,3480,94.0,10.444444444444445,0.0
manutd_tottenham,h2_chunk_001,4370,106.0,11.777777777777777,0.0
manutd_tottenham,h2_chunk_001,4470,91.0,10.11111111111111,0.0
manutd_tottenham,h2_chunk_001,4570,108.0,12.0,0.0
manutd_tottenham,h2_chunk_001,4875,120.0,13.333333333333332,0.0
manutd_tottenham,h2_chunk_001,5065,100.0,11.11111111111111,0.0
manutd_tottenham,h2_chunk_001,5200,103.0,11.444444444444445,0.0
manutd_tottenham,h2_chunk_001,5230,101.0,11.222222222222221,0.0
manutd_tottenham,h2_chunk_001,5410,101.0,11.222222222222221,0.0
manutd_tottenham,h2_chunk_001,5440,87.0,9.666666666666666,0.0
manutd_tottenham,h2_chunk_001,6145,95.0,10.555555555555555,0.0
manutd_tottenham,h2_chunk_001,6410,93.0,10.333333333333332,0.0
manutd_tottenham,h2_chunk_001,6940,85.0,9.444444444444445,0.0
manutd_tottenham,h2_chunk_001,7060,80.0,8.88888888888889,0.0
manutd_tottenham,h2_chunk_001,7105,84.0,9.333333333333332,0.0
manutd_tottenham,h2_chunk_001,7255,95.0,10.555555555555555,0.0
manutd_tottenham,h2_chunk_001,7385,87.0,9.666666666666666,0.0
manutd_tottenham,h2_chunk_001,7455,95.0,10.555555555555555,0.0
manutd_tottenham,h2_chunk_001,7710,89.0,9.888888888888888,0.0
manutd_tottenham,h2_chunk_001,7845,112.0,12.444444444444443,0.0
manutd_tottenham,h2_chunk_001,8155,106.0,11.777777777777777,0.0
manutd_tottenham,h2_chunk_001,9675,78.0,8.666666666666666,0.0
manutd_tottenham,h2_chunk_001,9795,97.0,10.777777777777777,0.0
manutd_tottenham,h2_chunk_001,12050,86.0,9.555555555555555,0.0
manutd_tottenham,h2_chunk_001,13285,85.0,9.444444444444445,0.0
manutd_tottenham,h2_chunk_001,13410,80.0,8.88888888888889,0.0
manutd_tottenham,h2_chunk_002,825,114.0,12.666666666666666,0.0
manutd_tottenham,h2_chunk_002,1245,86.0,9.555555555555555,0.0
manutd_tottenham,h2_chunk_002,3610,111.0,12.333333333333332,0.0
manutd_tottenham,h2_chunk_002,3845,82.0,9.11111111111111,0.0
manutd_tottenham,h2_chunk_002,4220,84.0,9.333333333333332,0.0
manutd_tottenham,h2_chunk_002,4425,86.0,9.555555555555555,0.0
manutd_tottenham,h2_chunk_002,4685,132.0,14.666666666666666,0.0
manutd_tottenham,h2_chunk_002,5320,95.0,10.555555555555555,0.0
manutd_tottenham,h2_chunk_002,5365,103.0,11.444444444444445,0.0
manutd_tottenham,h2_chunk_002,5510,70.0,7.777777777777778,0.0
manutd_tottenham,h2_chunk_002,5940,90.0,10.0,0.0
manutd_tottenham,h2_chunk_002,6155,78.0,8.666666666666666,0.0
manutd_tottenham,h2_chunk_002,6455,83.0,9.222222222222221,0.0
manutd_tottenham,h2_chunk_002,6575,78.0,8.666666666666666,0.0
manutd_tottenham,h2_chunk_002,6630,92.0,10.222222222222221,0.0
manutd_tottenham,h2_chunk_002,6730,93.0,10.333333333333332,0.0
manutd_tottenham,h2_chunk_002,7025,106.0,11.777777777777777,0.0
manutd_tottenham,h2_chunk_002,7760,78.0,8.666666666666666,0.0
manutd_tottenham,h2_chunk_002,7835,92.0,10.222222222222221,0.0
manutd_tottenham,h2_chunk_002,8530,124.0,13.777777777777777,0.0
manutd_tottenham,h2_chunk_002,8590,95.0,10.555555555555555,0.0
manutd_tottenham,h2_chunk_002,8750,87.0,9.666666666666666,0.0
manutd_tottenham,h2_chunk_002,8960,86.0,9.555555555555555,0.0
manutd_tottenham,h2_chunk_002,9050,115.0,12.777777777777777,0.0
manutd_tottenham,h2_chunk_002,9125,82.0,9.11111111111111,0.0
manutd_tottenham,h2_chunk_002,9265,81.0,9.0,0.0
manutd_tottenham,h2_chunk_002,9515,86.0,9.555555555555555,0.0
manutd_tottenham,h2_chunk_002,9655,85.0,9.444444444444445,0.0
manutd_tottenham,h2_chunk_002,10250,126.0,14.0,0.0
manutd_tottenham,h2_chunk_002,10310,118.0,13.11111111111111,0.0
manutd_tottenham,h2_chunk_002,10365,130.0,14.444444444444443,0.0
manutd_tottenham,h2_chunk_002,10525,97.0,10.777777777777777,0.0
manutd_tottenham,h2_chunk_002,11140,128.0,14.222222222222221,0.0
manutd_tottenham,h2_chunk_002,11335,118.0,13.11111111111111,0.0
manutd_tottenham,h2_chunk_002,11410,105.0,11.666666666666666,0.0
manutd_tottenham,h2_chunk_002,14010,129.0,14.333333333333332,0.0
manutd_tottenham,h2_chunk_002,14045,113.0,12.555555555555555,0.0
manutd_tottenham,h2_chunk_003,900,79.0,8.777777777777777,0.0
manutd_tottenham,h2_chunk_003,1025,87.0,9.666666666666666,0.0
manutd_tottenham,h2_chunk_003,1405,98.0,10.888888888888888,0.0
manutd_tottenham,h2_chunk_003,1485,87.0,9.666666666666666,0.0
manutd_tottenham,h2_chunk_003,1540,81.0,9.0,0.0
manutd_tottenham,h2_chunk_003,1590,81.0,9.0,0.0
manutd_tottenham,h2_chunk_003,1695,95.0,10.555555555555555,0.0
manutd_tottenham,h2_chunk_003,1800,99.0,11.0,0.0
manutd_tottenham,h2_chunk_003,1885,87.0,9.666666666666666,0.0
manutd_tottenham,h2_chunk_003,2715,96.0,10.666666666666666,0.0
manutd_tottenham,h2_chunk_003,7600,80.0,8.88888888888889,0.0
manutd_tottenham,h2_chunk_003,7950,114.0,12.666666666666666,0.0
manutd_tottenham,h2_chunk_003,8005,100.0,11.11111111111111,0.0
manutd_tottenham,h2_chunk_003,8030,100.0,11.11111111111111,0.0
manutd_tottenham,h2_chunk_003,8150,101.0,11.222222222222221,0.0
manutd_tottenham,h2_chunk_003,8340,112.0,12.444444444444443,0.0
manutd_tottenham,h2_chunk_003,8415,107.0,11.888888888888888,0.0
manutd_tottenham,h2_chunk_003,8730,92.0,10.222222222222221,0.0
manutd_tottenham,h2_chunk_003,8785,81.0,9.0,0.0
manutd_tottenham,h2_chunk_003,9035,104.0,11.555555555555555,0.0
manutd_tottenham,h2_chunk_003,9315,99.0,11.0,0.0
manutd_tottenham,h2_chunk_003,9590,79.0,8.777777777777777,0.0
manutd_tottenham,h2_chunk_003,11015,94.0,10.444444444444445,0.0
manutd_tottenham,h2_chunk_003,11195,97.0,10.777777777777777,0.0
manutd_tottenham,h2_chunk_003,14720,101.0,11.222222222222221,0.0
manutd_tottenham,h2_chunk_004,150,102.0,11.333333333333332,0.0
manutd_tottenham,h2_chunk_004,190,83.0,9.222222222222221,0.0
manutd_tottenham,h2_chunk_004,295,99.0,11.0,17.666666666666668
manutd_tottenham,h2_chunk_004,1975,89.0,9.888888888888888,0.0
manutd_tottenham,h2_chunk_004,2070,82.0,9.11111111111111,0.0
manutd_tottenham,h2_chunk_004,3115,78.0,8.666666666666666,0.0
manutd_tottenham,h2_chunk_004,3215,72.0,8.0,0.0
manutd_tottenham,h2_chunk_004,3570,80.0,8.88888888888889,0.0
manutd_tottenham,h2_chunk_004,3650,102.0,11.333333333333332,0.0
manutd_tottenham,h2_chunk_004,3830,83.0,9.222222222222221,0.0
manutd_tottenham,h2_chunk_004,4565,79.0,8.777777777777777,0.0
manutd_tottenham,h2_chunk_004,5125,85.0,9.444444444444445,0.0
manutd_tottenham,h2_chunk_004,5790,73.0,8.11111111111111,0.0
manutd_tottenham,h2_chunk_004,5840,83.0,9.222222222222221,0.0
manutd_tottenham,h2_chunk_004,5905,82.0,9.11111111111111,0.0
manutd_tottenham,h2_chunk_004,5925,83.0,9.222222222222221,0.0
manutd_tottenham,h2_chunk_004,6645,113.0,12.555555555555555,0.0
manutd_tottenham,h2_chunk_004,6775,93.0,10.333333333333332,0.0
manutd_tottenham,h2_chunk_004,6920,91.0,10.11111111111111,0.0
manutd_tottenham,h2_chunk_004,8505,102.0,11.333333333333332,0.0
manutd_tottenham,h2_chunk_004,8605,99.0,11.0,0.0
manutd_tottenham,h2_chunk_004,11060,93.0,10.333333333333332,0.0
manutd_tottenham,h2_chunk_004,11120,98.0,10.888888888888888,0.0
manutd_tottenham,h2_chunk_004,11175,100.0,11.11111111111111,0.0
manutd_tottenham,h2_chunk_004,11315,101.0,11.222222222222221,0.0
manutd_tottenham,h2_chunk_004,11350,128.0,14.222222222222221,0.0
manutd_tottenham,h2_chunk_004,11430,115.0,12.777777777777777,0.0
manutd_tottenham,h2_chunk_004,12115,91.0,10.11111111111111,0.0
manutd_tottenham,h2_chunk_004,12630,94.0,10.444444444444445,0.0
manutd_tottenham,h2_chunk_004,12870,77.0,8.555555555555555,0.0
manutd_tottenham,h2_chunk_004,12950,83.0,9.222222222222221,0.0
manutd_tottenham,h2_chunk_004,13255,94.0,10.444444444444445,0.0
manutd_tottenham,h2_chunk_004,13285,90.0,10.0,0.0
manutd_tottenham,h2_chunk_004,13475,116.0,12.888888888888888,0.0
manutd_tottenham,h2_chunk_004,13595,102.0,11.333333333333332,0.0
manutd_tottenham,h2_chunk_004,13635,118.0,13.11111111111111,0.0
manutd_tottenham,h2_chunk_004,13700,98.0,10.888888888888888,0.0
manutd_tottenham,h2_chunk_004,13820,101.0,11.222222222222221,0.0
manutd_tottenham,h2_chunk_004,14660,106.0,11.777777777777777,0.0
manutd_tottenham,h2_chunk_005,215,89.0,9.888888888888888,0.0
manutd_tottenham,h2_chunk_005,320,94.0,10.444444444444445,0.0
manutd_tottenham,h2_chunk_005,640,85.0,9.444444444444445,0.0
manutd_tottenham,h2_chunk_005,1045,114.0,12.666666666666666,0.0
manutd_tottenham,h2_chunk_005,1170,117.0,13.0,0.0
manutd_tottenham,h2_chunk_005,1215,123.0,13.666666666666666,0.0
manutd_tottenham,h2_chunk_005,1245,109.0,12.11111111111111,0.0
manutd_tottenham,h2_chunk_005,1305,106.0,11.777777777777777,0.0
manutd_tottenham,h2_chunk_005,1400,101.0,11.222222222222221,0.0
manutd_tottenham,h2_chunk_005,1410,98.0,10.888888888888888,0.0
manutd_tottenham,h2_chunk_005,1475,96.0,10.666666666666666,0.0
manutd_tottenham,h2_chunk_005,1510,114.0,12.666666666666666,0.0
manutd_tottenham,h2_chunk_005,2390,100.0,11.11111111111111,0.0
manutd_tottenham,h2_chunk_005,2445,99.0,11.0,0.0
manutd_tottenham,h2_chunk_005,2540,97.0,10.777777777777777,0.0
manutd_tottenham,h2_chunk_005,2770,123.0,13.666666666666666,0.0
