club,player,brighton_manutd,fulham_manutd,liverpool_manutd,manutd_brighton,manutd_liverpool,manutd_palace,manutd_southampton,manutd_tottenham,tottenham_manutd,pooled
Brighton,Carlos Baleba,0,0,0,48,0,0,0,0,0,48
Brighton,Danny Welbeck,24,0,0,78,0,0,0,0,0,102
Brighton,Georginio Rutter,0,0,0,6,0,0,0,0,0,6
Brighton,James Milner,36,0,0,0,0,0,0,0,0,36
Brighton,Jan Paul van Hecke,24,0,0,12,0,0,0,0,0,36
Brighton,João Pedro,0,0,0,12,0,0,0,0,0,12
Brighton,Joël Veltman,112,0,0,56,0,0,0,0,0,168
Brighton,Julio Enciso,21,0,0,0,0,0,0,0,0,21
Brighton,Kaoru Mitoma,54,0,0,73,0,0,0,0,0,127
Brighton,Lewis Dunk,6,0,0,59,0,0,0,0,0,65
Brighton,Pervis Estupiñán,0,0,0,126,0,0,0,0,0,126
Brighton,Simon Adingra,11,0,0,0,0,0,0,0,0,11
Brighton,Solly March,0,0,0,12,0,0,0,0,0,12
Brighton,Yankuba Minteh,24,0,0,18,0,0,0,0,0,42
Brighton,Yasin Ayari,0,0,0,52,0,0,0,0,0,52
Crystal Palace,Adam Wharton,0,0,0,0,0,12,0,0,0,12
Crystal Palace,Chris Richards,0,0,0,0,0,24,0,0,0,24
Crystal Palace,Daichi Kamada,0,0,0,0,0,66,0,0,0,66
Crystal Palace,Daniel Muñoz,0,0,0,0,0,30,0,0,0,30
Crystal Palace,Ismaïla Sarr,0,0,0,0,0,18,0,0,0,18
Crystal Palace,Jefferson Lerma,0,0,0,0,0,12,0,0,0,12
Crystal Palace,Justin Devenny,0,0,0,0,0,6,0,0,0,6
Crystal Palace,Maxence Lacroix,0,0,0,0,0,36,0,0,0,36
Crystal Palace,Tyrick Mitchell,0,0,0,0,0,66,0,0,0,66
Crystal Palace,Will Hughes,0,0,0,0,0,82,0,0,0,82
Fulham,Alex Iwobi,0,30,0,0,0,0,0,0,0,30
Fulham,Calvin Bassey,0,148,0,0,0,0,0,0,0,148
Fulham,Harrison Reed,0,60,0,0,0,0,0,0,0,60
Fulham,Harry Wilson,0,113,0,0,0,0,0,0,0,113
Fulham,Joachim Andersen,0,48,0,0,0,0,0,0,0,48
Fulham,Jorge Cuenca,0,15,0,0,0,0,0,0,0,15
Fulham,Rodrigo Muniz,0,18,0,0,0,0,0,0,0,18
Fulham,Sander Berge,0,101,0,0,0,0,0,0,0,101
Fulham,Saša Lukić,0,24,0,0,0,0,0,0,0,24
Liverpool,Alexis Mac Allister,0,0,100,0,97,0,0,0,0,197
Liverpool,Andy Robertson,0,0,106,0,100,0,0,0,0,206
Liverpool,Cody Gakpo,0,0,24,0,0,0,0,0,0,24
Liverpool,Conor Bradley,0,0,6,0,0,0,0,0,0,6
Liverpool,Curtis Jones,0,0,12,0,0,0,0,0,0,12
Liverpool,Darwin Núñez,0,0,8,0,2,0,0,0,0,10
Liverpool,Diogo Jota,0,0,15,0,118,0,0,0,0,133
Liverpool,Dominik Szoboszlai,0,0,0,0,207,0,0,0,0,207
Liverpool,Ibrahima Konaté,0,0,22,0,106,0,0,0,0,128
Liverpool,Luis Díaz,0,0,60,0,33,0,0,0,0,93
Liverpool,Mohamed Salah,0,0,6,0,0,0,0,0,0,6
Liverpool,Ryan Gravenberch,0,0,61,0,161,0,0,0,0,222
Liverpool,Trent Alexander-Arnold,0,0,6,0,0,0,0,0,0,6
Man Utd,Alejandro Garnacho,0,6,24,18,42,18,12,171,93,384
Man Utd,Amad Diallo,36,24,226,144,0,84,54,6,0,574
Man Utd,Antony,12,0,0,0,0,0,0,0,0,12
Man Utd,Bruno Fernandes,24,147,88,113,83,76,88,42,226,887
Man Utd,Casemiro,0,0,0,0,66,0,0,10,13,89
Man Utd,Christian Eriksen,0,0,0,0,6,12,6,30,0,54
Man Utd,Diogo Dalot,6,132,40,12,31,87,0,48,208,564
Man Utd,Harry Maguire,0,0,22,6,0,24,0,0,47,99
Man Utd,Joshua Zirkzee,0,12,0,0,0,0,0,0,0,12
Man Utd,Kobbie Mainoo,18,0,42,0,12,6,0,0,0,78
Man Utd,Leny Yoro,0,0,0,24,0,60,12,0,0,96
Man Utd,Lisandro Martínez,0,0,48,0,28,36,24,41,0,177
Man Utd,Manuel Ugarte,0,0,53,42,0,35,66,54,0,250
Man Utd,Marcus Rashford,36,0,0,0,24,0,0,18,0,78
Man Utd,Mason Mount,6,0,0,0,0,0,0,12,0,18
Man Utd,Noussair Mazraoui,24,18,66,66,151,36,12,36,102,511
Man Utd,Patrick Dorgu,0,0,0,0,0,0,0,0,15,15
Man Utd,Rasmus Højlund,0,6,18,0,0,0,0,0,40,64
Man Utd,Toby Collyer,0,0,0,0,10,0,0,0,0,10
Southampton,Adam Armstrong,0,0,0,0,0,0,12,0,0,12
Southampton,Jan Bednarek,0,0,0,0,0,0,6,0,0,6
Southampton,Joe Aribo,0,0,0,0,0,0,48,0,0,48
Southampton,Kamaldeen Sulemana,0,0,0,0,0,0,114,0,0,114
Southampton,Kyle Walker-Peters,0,0,0,0,0,0,42,0,0,42
Southampton,Lesley Ugochukwu,0,0,0,0,0,0,57,0,0,57
Southampton,Mateus Fernandes,0,0,0,0,0,0,102,0,0,102
Southampton,Taylor Harwood-Bellis,0,0,0,0,0,0,30,0,0,30
Southampton,Tyler Dibling,0,0,0,0,0,0,23,0,0,23
Southampton,Yukinari Sugawara,0,0,0,0,0,0,59,0,0,59
Tottenham,Ben Davies,0,0,0,0,0,0,0,0,24,24
Tottenham,Brennan Johnson,0,0,0,0,0,0,0,69,54,123
Tottenham,Cristian Romero,0,0,0,0,0,0,0,29,0,29
Tottenham,Dejan Kulusevski,0,0,0,0,0,0,0,226,215,441
Tottenham,Destiny Udogie,0,0,0,0,0,0,0,153,0,153
Tottenham,Djed Spence,0,0,0,0,0,0,0,6,165,171
Tottenham,Dominic Solanke,0,0,0,0,0,0,0,42,0,42
Tottenham,James Maddison,0,0,0,0,0,0,0,161,181,342
Tottenham,Kevin Danso,0,0,0,0,0,0,0,0,6,6
Tottenham,Lucas Bergvall,0,0,0,0,0,0,0,18,60,78
Tottenham,Micky van de Ven,0,0,0,0,0,0,0,18,0,18
Tottenham,Pape Matar Sarr,0,0,0,0,0,0,0,22,0,22
Tottenham,Pedro Porro,0,0,0,0,0,0,0,130,111,241
Tottenham,Rodrigo Bentancur,0,0,0,0,0,0,0,150,77,227
Tottenham,Son Heung-min,0,0,0,0,0,0,0,0,104,104
Tottenham,Timo Werner,0,0,0,0,0,0,0,131,0,131
Tottenham,Yves Bissouma,0,0,0,0,0,0,0,0,6,6
